{
  "type": "FeatureCollection",
  "features": [
    {
      "type": "Feature",
      "id": "way/22840876",
      "properties": {
        "name": "Omkareshwar Path",
        "highway": "residential"
      },
      "geometry": {
        "type": "LineString",
        "coordinates": [
          [
            73.8499303,
            18.5198468
          ],
          [
            73.8499853,
            18.5198618
          ],
          [
            73.8500573,
            18.5198655
          ],
          [
            73.8501464,
            18.5198694
          ],
          [
            73.8502958,
            18.5198581
          ],
          [
            73.8508329,
            18.5198487
          ],
          [
            73.8509404,
            18.5198374
          ],
          [
            73.8510037,
            18.5198089
          ],
          [
            73.8513531,
            18.5195476
          ],
          [
            73.8514254,
            18.5195238
          ],
          [
            73.8515268,
            18.5195054
          ],
          [
            73.8516163,
            18.5194923
          ],
          [
            73.8517516,
            18.5194791
          ],
          [
            73.8519058,
            18.5194629
          ]
        ]
      }
    },
    {
      "type": "Feature",
      "id": "way/22841095",
      "properties": {
        "name": "Veer Santaji Ghorpade Marg",
        "highway": "secondary"
      },
      "geometry": {
        "type": "LineString",
        "coordinates": [
          [
            73.8551021,
            18.5214938
          ],
          [
            73.855175,
            18.5215324
          ]
        ]
      }
    },
    {
      "type": "Feature",
      "id": "way/22841096",
      "properties": {
        "name": "Laxmi Path",
        "highway": "tertiary"
      },
      "geometry": {
        "type": "LineString",
        "coordinates": [
          [
            73.8618252,
            18.5161016
          ],
          [
            73.8614848,
            18.5160607
          ],
          [
            73.8613748,
            18.5160475
          ],
          [
            73.861056,
            18.515999
          ],
          [
            73.8608461,
            18.5159729
          ],
          [
            73.8607057,
            18.5159349
          ],
          [
            73.8604658,
            18.5159313
          ],
          [
            73.8601542,
            18.515988
          ],
          [
            73.8599443,
            18.5160215
          ],
          [
            73.8593601,
            18.5159957
          ],
          [
            73.8591744,
            18.5159878
          ],
          [
            73.8591111,
            18.5159796
          ],
          [
            73.8590468,
            18.5159712
          ],
          [
            73.8586678,
            18.5159219
          ],
          [
            73.8584267,
            18.5158948
          ],
          [
            73.8580115,
            18.5158481
          ],
          [
            73.8568892,
            18.5157451
          ],
          [
            73.8566591,
            18.5157161
          ],
          [
            73.8563559,
            18.5156781
          ],
          [
            73.8562866,
            18.5156694
          ]
        ]
      }
    },
    {
      "type": "Feature",
      "id": "way/22841203",
      "properties": {
        "name": "Dagadi Pool Road",
        "highway": "residential"
      },
      "geometry": {
        "type": "LineString",
        "coordinates": [
          [
            73.8582903,
            18.5219205
          ],
          [
            73.8582513,
            18.5223972
          ],
          [
            73.8582525,
            18.5225398
          ],
          [
            73.8582562,
            18.5228551
          ],
          [
            73.8582584,
            18.523036
          ],
          [
            73.8582659,
            18.5230992
          ],
          [
            73.8582827,
            18.5232396
          ],
          [
            73.8582986,
            18.5233256
          ],
          [
            73.8582148,
            18.52357
          ],
          [
            73.8581479,
            18.5237654
          ]
        ]
      }
    },
    {
      "type": "Feature",
      "id": "way/22841229",
      "properties": {
        "name": "Agarwal Marg",
        "highway": "tertiary"
      },
      "geometry": {
        "type": "LineString",
        "coordinates": [
          [
            73.8553528,
            18.5215211
          ],
          [
            73.855451,
            18.521525
          ],
          [
            73.8555553,
            18.5215504
          ],
          [
            73.8557383,
            18.5216235
          ],
          [
            73.855859,
            18.5216616
          ],
          [
            73.8559945,
            18.5216941
          ],
          [
            73.8561393,
            18.5217055
          ],
          [
            73.8563908,
            18.5217146
          ],
          [
            73.8565345,
            18.5217465
          ],
          [
            73.8565948,
            18.5217578
          ],
          [
            73.8567517,
            18.5217853
          ],
          [
            73.8570956,
            18.5218131
          ],
          [
            73.8574898,
            18.5218312
          ],
          [
            73.8575533,
            18.5218411
          ],
          [
            73.8578226,
            18.5218588
          ],
          [
            73.8582903,
            18.5219205
          ],
          [
            73.8584935,
            18.5219528
          ],
          [
            73.8589567,
            18.5219955
          ],
          [
            73.8590012,
            18.521996
          ],
          [
            73.8597049,
            18.5220039
          ],
          [
            73.8599397,
            18.5220127
          ],
          [
            73.8603423,
            18.5220323
          ],
          [
            73.860638,
            18.5220492
          ],
          [
            73.860776,
            18.5220575
          ],
          [
            73.8609452,
            18.5220676
          ]
        ]
      }
    },
    {
      "type": "Feature",
      "id": "way/22841268",
      "properties": {
        "name": "Laxmi Path",
        "highway": "tertiary"
      },
      "geometry": {
        "type": "LineString",
        "coordinates": [
          [
            73.8562866,
            18.5156694
          ],
          [
            73.8562054,
            18.5156448
          ],
          [
            73.8561582,
            18.5156305
          ],
          [
            73.8560286,
            18.5155897
          ],
          [
            73.8558664,
            18.5155044
          ],
          [
            73.8555238,
            18.5152814
          ],
          [
            73.8551984,
            18.5150696
          ],
          [
            73.8549798,
            18.5150076
          ],
          [
            73.8549032,
            18.5149638
          ],
          [
            73.8544921,
            18.5147235
          ],
          [
            73.8544373,
            18.5146973
          ],
          [
            73.854369,
            18.5146564
          ],
          [
            73.8541435,
            18.5145717
          ],
          [
            73.8540108,
            18.5145414
          ],
          [
            73.8537421,
            18.5145251
          ]
        ]
      }
    },
    {
      "type": "Feature",
      "id": "way/22841323",
      "properties": {
        "name": "Shivaji Bridge",
        "highway": "trunk"
      },
      "geometry": {
        "type": "LineString",
        "coordinates": [
          [
            73.855011,
            18.5217641
          ],
          [
            73.8546359,
            18.5226008
          ],
          [
            73.8544456,
            18.5230547
          ],
          [
            73.8542993,
            18.5233981
          ]
        ]
      }
    },
    {
      "type": "Feature",
      "id": "way/22841336",
      "properties": {
        "name": "Mirza Ghalib Marg",
        "highway": "tertiary"
      },
      "geometry": {
        "type": "LineString",
        "coordinates": [
          [
            73.8576283,
            18.5126408
          ],
          [
            73.8577009,
            18.5126629
          ],
          [
            73.8577623,
            18.5126815
          ],
          [
            73.8581712,
            18.5127229
          ],
          [
            73.8585031,
            18.5127671
          ],
          [
            73.8591266,
            18.5128515
          ],
          [
            73.8596197,
            18.5129182
          ],
          [
            73.8597995,
            18.5129665
          ],
          [
            73.8599558,
            18.5130241
          ],
          [
            73.8601245,
            18.513058
          ],
          [
            73.8603116,
            18.5131098
          ],
          [
            73.8604328,
            18.5131434
          ],
          [
            73.8608182,
            18.5131751
          ],
          [
            73.8614253,
            18.5131641
          ],
          [
            73.8618362,
            18.5131039
          ],
          [
            73.8624535,
            18.5130361
          ],
          [
            73.8628505,
            18.5129984
          ],
          [
            73.8631801,
            18.5129062
          ],
          [
            73.8634234,
            18.512842
          ],
          [
            73.8636235,
            18.5127088
          ],
          [
            73.86372,
            18.5126446
          ],
          [
            73.8639953,
            18.5125251
          ],
          [
            73.8640566,
            18.5124984
          ]
        ]
      }
    },
    {
      "type": "Feature",
      "id": "way/22841339",
      "properties": {
        "name": "Shivaji Road",
        "highway": "trunk"
      },
      "geometry": {
        "type": "LineString",
        "coordinates": [
          [
            73.8562138,
            18.518542
          ],
          [
            73.8562142,
            18.5185095
          ],
          [
            73.8562164,
            18.5183421
          ],
          [
            73.8562211,
            18.5181816
          ],
          [
            73.856232,
            18.5178104
          ],
          [
            73.8562412,
            18.5175013
          ],
          [
            73.8562437,
            18.5174088
          ],
          [
            73.8562463,
            18.5172658
          ],
          [
            73.8562528,
            18.5169354
          ],
          [
            73.8562542,
            18.516866
          ]
        ]
      }
    },
    {
      "type": "Feature",
      "id": "way/49830977",
      "properties": {
        "name": "Ganesh Path",
        "highway": "tertiary"
      },
      "geometry": {
        "type": "LineString",
        "coordinates": [
          [
            73.8604582,
            18.5190358
          ],
          [
            73.860882,
            18.5191009
          ],
          [
            73.8613017,
            18.5191654
          ],
          [
            73.8615122,
            18.5191977
          ]
        ]
      }
    },
    {
      "type": "Feature",
      "id": "way/53090145",
      "properties": {
        "name": "Bajirao Road",
        "highway": "trunk"
      },
      "geometry": {
        "type": "LineString",
        "coordinates": [
          [
            73.8545274,
            18.5185586
          ],
          [
            73.854503,
            18.5193346
          ],
          [
            73.8544934,
            18.5196781
          ],
          [
            73.8544757,
            18.520077
          ],
          [
            73.8544921,
            18.5201569
          ],
          [
            73.8545318,
            18.520228
          ],
          [
            73.8546077,
            18.5202924
          ],
          [
            73.8546735,
            18.5203423
          ],
          [
            73.8547714,
            18.5204263
          ]
        ]
      }
    },
    {
      "type": "Feature",
      "id": "way/53090268",
      "properties": {
        "name": "Namdeo Raut Path",
        "highway": "residential"
      },
      "geometry": {
        "type": "LineString",
        "coordinates": [
          [
            73.848145,
            18.5177272
          ],
          [
            73.8494729,
            18.5177486
          ],
          [
            73.8495999,
            18.5177684
          ],
          [
            73.8497344,
            18.5178115
          ],
          [
            73.8498462,
            18.5178654
          ],
          [
            73.8499429,
            18.5179283
          ],
          [
            73.8500014,
            18.5179923
          ]
        ]
      }
    },
    {
      "type": "Feature",
      "id": "way/53090385",
      "properties": {
        "name": "Kakasaheb Gadgil Marg",
        "highway": "residential"
      },
      "geometry": {
        "type": "LineString",
        "coordinates": [
          [
            73.8516258,
            18.5188772
          ],
          [
            73.8516757,
            18.5186625
          ],
          [
            73.8519002,
            18.5176508
          ],
          [
            73.8519179,
            18.5175321
          ],
          [
            73.8519205,
            18.5174283
          ],
          [
            73.8519353,
            18.5172968
          ],
          [
            73.8519615,
            18.5171223
          ],
          [
            73.8520187,
            18.5167415
          ],
          [
            73.8520225,
            18.5165779
          ],
          [
            73.8520119,
            18.5163825
          ]
        ]
      }
    },
    {
      "type": "Feature",
      "id": "way/53090697",
      "properties": {
        "name": "Narsimha Chintaman Kelkar Marg",
        "highway": "tertiary"
      },
      "geometry": {
        "type": "LineString",
        "coordinates": [
          [
            73.8499846,
            18.5164029
          ],
          [
            73.8508112,
            18.5164014
          ],
          [
            73.8510378,
            18.516401
          ],
          [
            73.8510701,
            18.5164004
          ],
          [
            73.8520119,
            18.5163825
          ],
          [
            73.8522882,
            18.516378
          ],
          [
            73.8528719,
            18.5164168
          ],
          [
            73.8531058,
            18.5164089
          ],
          [
            73.8532842,
            18.516398
          ],
          [
            73.8535673,
            18.5163713
          ],
          [
            73.8536964,
            18.5163854
          ],
          [
            73.8538574,
            18.5164569
          ]
        ]
      }
    },
    {
      "type": "Feature",
      "id": "way/53090776",
      "properties": {
        "name": "Ganesh Path",
        "highway": "tertiary"
      },
      "geometry": {
        "type": "LineString",
        "coordinates": [
          [
            73.8562138,
            18.518542
          ],
          [
            73.85631,
            18.518544
          ],
          [
            73.8566475,
            18.5185508
          ],
          [
            73.8568533,
            18.5185525
          ],
          [
            73.8569431,
            18.5185844
          ],
          [
            73.857047,
            18.5186589
          ],
          [
            73.8571509,
            18.5187148
          ],
          [
            73.8574635,
            18.5187295
          ],
          [
            73.8579241,
            18.5187518
          ],
          [
            73.8581198,
            18.5187597
          ],
          [
            73.8584904,
            18.5187768
          ],
          [
            73.8592422,
            18.5187441
          ],
          [
            73.8593588,
            18.5187144
          ],
          [
            73.8594269,
            18.5187024
          ],
          [
            73.8595298,
            18.5186768
          ],
          [
            73.8596443,
            18.5186499
          ],
          [
            73.8597248,
            18.5186506
          ],
          [
            73.8599743,
            18.5187818
          ],
          [
            73.8601444,
            18.5188684
          ],
          [
            73.8604582,
            18.5190358
          ]
        ]
      }
    },
    {
      "type": "Feature",
      "id": "way/53091188",
      "properties": {
        "highway": "residential"
      },
      "geometry": {
        "type": "LineString",
        "coordinates": [
          [
            73.8593601,
            18.5159957
          ],
          [
            73.8593701,
            18.5165914
          ],
          [
            73.8593818,
            18.5169271
          ],
          [
            73.8594292,
            18.5172811
          ],
          [
            73.8594887,
            18.5177434
          ],
          [
            73.8595151,
            18.5179861
          ],
          [
            73.8595169,
            18.5180031
          ],
          [
            73.8595298,
            18.5186768
          ]
        ]
      }
    },
    {
      "type": "Feature",
      "id": "way/53091858",
      "properties": {
        "name": "Jedhe Prasad Road",
        "highway": "tertiary"
      },
      "geometry": {
        "type": "LineString",
        "coordinates": [
          [
            73.8593375,
            18.5085463
          ],
          [
            73.859361,
            18.5086681
          ],
          [
            73.8594273,
            18.5091244
          ],
          [
            73.8594231,
            18.5094753
          ],
          [
            73.8594266,
            18.5096058
          ],
          [
            73.8594433,
            18.5096971
          ],
          [
            73.8594991,
            18.509902
          ],
          [
            73.8595552,
            18.5102215
          ],
          [
            73.8595945,
            18.5104131
          ],
          [
            73.8596363,
            18.5105376
          ],
          [
            73.8596544,
            18.5106465
          ],
          [
            73.8596844,
            18.5108151
          ],
          [
            73.859696,
            18.5108608
          ],
          [
            73.8597181,
            18.5109482
          ],
          [
            73.8597504,
            18.5111119
          ],
          [
            73.859763,
            18.5113209
          ],
          [
            73.8597532,
            18.5115458
          ],
          [
            73.8597448,
            18.5117087
          ],
          [
            73.8597426,
            18.5117525
          ],
          [
            73.859741,
            18.5117828
          ],
          [
            73.8597344,
            18.5119792
          ],
          [
            73.8597385,
            18.5123153
          ],
          [
            73.8596685,
            18.5127683
          ],
          [
            73.8596197,
            18.5129182
          ]
        ]
      }
    },
    {
      "type": "Feature",
      "id": "way/53093248",
      "properties": {
        "name": "Bhujangrao Daulatrao Jadhav Path",
        "highway": "tertiary"
      },
      "geometry": {
        "type": "LineString",
        "coordinates": [
          [
            73.8580115,
            18.5158481
          ],
          [
            73.858013,
            18.5159895
          ],
          [
            73.8580141,
            18.5160905
          ],
          [
            73.8580169,
            18.5163496
          ],
          [
            73.8580228,
            18.5168982
          ]
        ]
      }
    },
    {
      "type": "Feature",
      "id": "way/53093416",
      "properties": {
        "highway": "residential"
      },
      "geometry": {
        "type": "LineString",
        "coordinates": [
          [
            73.8600077,
            18.5119786
          ],
          [
            73.8602879,
            18.5121083
          ],
          [
            73.8603153,
            18.5121433
          ],
          [
            73.8603229,
            18.5121767
          ],
          [
            73.8603156,
            18.5126366
          ],
          [
            73.8603289,
            18.5128694
          ],
          [
            73.8603116,
            18.5131098
          ]
        ]
      }
    },
    {
      "type": "Feature",
      "id": "way/53093454",
      "properties": {
        "highway": "residential"
      },
      "geometry": {
        "type": "LineString",
        "coordinates": [
          [
            73.8580361,
            18.515574
          ],
          [
            73.8582509,
            18.5155832
          ],
          [
            73.8586636,
            18.5155725
          ],
          [
            73.8588811,
            18.5155576
          ],
          [
            73.8590903,
            18.5155433
          ],
          [
            73.8592284,
            18.5155398
          ],
          [
            73.8593036,
            18.5155379
          ],
          [
            73.8593904,
            18.5155244
          ],
          [
            73.8595176,
            18.5155102
          ],
          [
            73.8597558,
            18.5155045
          ],
          [
            73.859938,
            18.5155225
          ]
        ]
      }
    },
    {
      "type": "Feature",
      "id": "way/53093463",
      "properties": {
        "name": "Kavi Honaji Marg",
        "highway": "residential"
      },
      "geometry": {
        "type": "LineString",
        "coordinates": [
          [
            73.8588432,
            18.5142629
          ],
          [
            73.8587422,
            18.5149816
          ],
          [
            73.8587029,
            18.5151147
          ],
          [
            73.8586776,
            18.5153064
          ],
          [
            73.8586636,
            18.5155725
          ]
        ]
      }
    },
    {
      "type": "Feature",
      "id": "way/53093499",
      "properties": {
        "highway": "residential"
      },
      "geometry": {
        "type": "LineString",
        "coordinates": [
          [
            73.8570343,
            18.5141146
          ],
          [
            73.8573993,
            18.5141638
          ],
          [
            73.8575632,
            18.5141484
          ],
          [
            73.8577175,
            18.5141484
          ],
          [
            73.858218,
            18.5142007
          ],
          [
            73.8588432,
            18.5142629
          ],
          [
            73.8594802,
            18.5142919
          ],
          [
            73.8596292,
            18.514292
          ],
          [
            73.8598608,
            18.514276
          ],
          [
            73.860073,
            18.5142576
          ]
        ]
      }
    },
    {
      "type": "Feature",
      "id": "way/53201054",
      "properties": {
        "highway": "residential"
      },
      "geometry": {
        "type": "LineString",
        "coordinates": [
          [
            73.8582903,
            18.5219205
          ],
          [
            73.8583706,
            18.5215028
          ],
          [
            73.8584544,
            18.5212456
          ],
          [
            73.8585604,
            18.5210227
          ],
          [
            73.858609,
            18.520907
          ],
          [
            73.8586329,
            18.52085
          ],
          [
            73.8587163,
            18.5206314
          ],
          [
            73.8587535,
            18.5204733
          ]
        ]
      }
    },
    {
      "type": "Feature",
      "id": "way/53201065",
      "properties": {
        "highway": "residential"
      },
      "geometry": {
        "type": "LineString",
        "coordinates": [
          [
            73.8590012,
            18.521996
          ],
          [
            73.8589858,
            18.5216504
          ],
          [
            73.858955,
            18.5210457
          ],
          [
            73.858955,
            18.5208825
          ],
          [
            73.858977,
            18.5206431
          ],
          [
            73.8589752,
            18.5204767
          ],
          [
            73.8590183,
            18.5202188
          ],
          [
            73.859071,
            18.5199382
          ],
          [
            73.8590798,
            18.519759
          ],
          [
            73.8590885,
            18.5196187
          ],
          [
            73.8590572,
            18.5195128
          ],
          [
            73.8590078,
            18.5190794
          ],
          [
            73.8589963,
            18.5190414
          ],
          [
            73.8589781,
            18.5190202
          ],
          [
            73.8589486,
            18.5190029
          ],
          [
            73.8586822,
            18.5189956
          ],
          [
            73.8585859,
            18.5189875
          ],
          [
            73.8585409,
            18.5189728
          ],
          [
            73.8585325,
            18.5189619
          ],
          [
            73.8585164,
            18.5189411
          ],
          [
            73.8584904,
            18.5187768
          ]
        ]
      }
    },
    {
      "type": "Feature",
      "id": "way/53201067",
      "properties": {
        "highway": "residential"
      },
      "geometry": {
        "type": "LineString",
        "coordinates": [
          [
            73.8578106,
            18.5205203
          ],
          [
            73.857856,
            18.5204694
          ],
          [
            73.8580338,
            18.5204077
          ],
          [
            73.8581814,
            18.5203908
          ],
          [
            73.8582569,
            18.5203858
          ],
          [
            73.8584983,
            18.5204244
          ],
          [
            73.8585966,
            18.5204432
          ],
          [
            73.8587535,
            18.5204733
          ],
          [
            73.8589752,
            18.5204767
          ],
          [
            73.8592592,
            18.5205087
          ]
        ]
      }
    },
    {
      "type": "Feature",
      "id": "way/53201129",
      "properties": {
        "name": "Maharana Pratapsinh Marg",
        "highway": "tertiary"
      },
      "geometry": {
        "type": "LineString",
        "coordinates": [
          [
            73.8618252,
            18.5161016
          ],
          [
            73.8618786,
            18.5155296
          ],
          [
            73.8619591,
            18.5148546
          ],
          [
            73.8619308,
            18.5146592
          ],
          [
            73.8618828,
            18.5142615
          ],
          [
            73.8618847,
            18.5139345
          ],
          [
            73.8618857,
            18.5137741
          ],
          [
            73.8618622,
            18.5134761
          ],
          [
            73.8618362,
            18.5131039
          ],
          [
            73.8618622,
            18.5126289
          ],
          [
            73.8618653,
            18.5126023
          ],
          [
            73.861922,
            18.5121134
          ],
          [
            73.8619565,
            18.5118155
          ],
          [
            73.861958,
            18.5117841
          ],
          [
            73.8619702,
            18.5114938
          ],
          [
            73.86202,
            18.5111963
          ],
          [
            73.8620354,
            18.5108841
          ],
          [
            73.862032,
            18.5105295
          ],
          [
            73.8621057,
            18.5100872
          ],
          [
            73.86215,
            18.5095095
          ],
          [
            73.8621559,
            18.5094659
          ],
          [
            73.8621854,
            18.5092493
          ],
          [
            73.8622359,
            18.5088786
          ]
        ]
      }
    },
    {
      "type": "Feature",
      "id": "way/53202605",
      "properties": {
        "name": "Hanmantram Ramnath Rathi Path",
        "highway": "residential"
      },
      "geometry": {
        "type": "LineString",
        "coordinates": [
          [
            73.8595279,
            18.5137395
          ],
          [
            73.8598484,
            18.5137667
          ],
          [
            73.8601768,
            18.513788
          ]
        ]
      }
    },
    {
      "type": "Feature",
      "id": "way/53202614",
      "properties": {
        "highway": "residential"
      },
      "geometry": {
        "type": "LineString",
        "coordinates": [
          [
            73.8603289,
            18.5128694
          ],
          [
            73.8609371,
            18.5127701
          ],
          [
            73.8610371,
            18.512771
          ],
          [
            73.8612711,
            18.5128706
          ],
          [
            73.8613435,
            18.5129121
          ],
          [
            73.8613821,
            18.5129535
          ],
          [
            73.8614115,
            18.5130281
          ],
          [
            73.8614253,
            18.5131641
          ]
        ]
      }
    },
    {
      "type": "Feature",
      "id": "way/53202626",
      "properties": {
        "highway": "residential"
      },
      "geometry": {
        "type": "LineString",
        "coordinates": [
          [
            73.8618857,
            18.5137741
          ],
          [
            73.862249,
            18.5137645
          ],
          [
            73.8624514,
            18.5137591
          ],
          [
            73.862824,
            18.5137492
          ],
          [
            73.8632019,
            18.5137251
          ],
          [
            73.8635416,
            18.5137491
          ],
          [
            73.8642273,
            18.5137996
          ],
          [
            73.8642833,
            18.5138037
          ],
          [
            73.8643139,
            18.5138082
          ]
        ]
      }
    },
    {
      "type": "Feature",
      "id": "way/53202798",
      "properties": {
        "highway": "residential"
      },
      "geometry": {
        "type": "LineString",
        "coordinates": [
          [
            73.8593818,
            18.5169271
          ],
          [
            73.8595786,
            18.5169141
          ],
          [
            73.8597826,
            18.5168849
          ],
          [
            73.8598468,
            18.5168735
          ],
          [
            73.8599732,
            18.5168511
          ],
          [
            73.860084,
            18.5168373
          ],
          [
            73.8601699,
            18.5168211
          ],
          [
            73.8602365,
            18.5168329
          ],
          [
            73.860293,
            18.5168546
          ],
          [
            73.8603327,
            18.516896
          ],
          [
            73.8603668,
            18.5169483
          ],
          [
            73.8603854,
            18.5170499
          ],
          [
            73.8604172,
            18.5171146
          ]
        ]
      }
    },
    {
      "type": "Feature",
      "id": "way/53202811",
      "properties": {
        "highway": "residential"
      },
      "geometry": {
        "type": "LineString",
        "coordinates": [
          [
            73.8606409,
            18.5165
          ],
          [
            73.8605626,
            18.516687
          ],
          [
            73.8605411,
            18.5167614
          ],
          [
            73.8605288,
            18.5168037
          ],
          [
            73.8604669,
            18.51703
          ],
          [
            73.8604172,
            18.5171146
          ],
          [
            73.8604395,
            18.5172173
          ],
          [
            73.8604557,
            18.5173306
          ],
          [
            73.860506,
            18.5176785
          ],
          [
            73.8605145,
            18.5177214
          ],
          [
            73.860597,
            18.5181096
          ],
          [
            73.8606431,
            18.5183482
          ],
          [
            73.8606853,
            18.5185182
          ],
          [
            73.8607272,
            18.5186694
          ],
          [
            73.8607785,
            18.5188164
          ],
          [
            73.860882,
            18.5191009
          ]
        ]
      }
    },
    {
      "type": "Feature",
      "id": "way/53202816",
      "properties": {
        "highway": "residential"
      },
      "geometry": {
        "type": "LineString",
        "coordinates": [
          [
            73.8574787,
            18.5182337
          ],
          [
            73.8574762,
            18.5183657
          ],
          [
            73.8574652,
            18.5186811
          ],
          [
            73.8574635,
            18.5187295
          ]
        ]
      }
    },
    {
      "type": "Feature",
      "id": "way/53202836",
      "properties": {
        "name": "Tapkir Galli",
        "highway": "residential"
      },
      "geometry": {
        "type": "LineString",
        "coordinates": [
          [
            73.856232,
            18.5178104
          ],
          [
            73.8563063,
            18.5178116
          ],
          [
            73.8569642,
            18.5178114
          ],
          [
            73.8574726,
            18.5178062
          ],
          [
            73.8580076,
            18.5178274
          ],
          [
            73.8581527,
            18.5178332
          ],
          [
            73.8582863,
            18.5178377
          ],
          [
            73.8584173,
            18.5178417
          ],
          [
            73.8585046,
            18.5178597
          ],
          [
            73.8586145,
            18.5179038
          ],
          [
            73.8586909,
            18.5179553
          ],
          [
            73.8586996,
            18.5179611
          ],
          [
            73.8588021,
            18.5180928
          ],
          [
            73.8589412,
            18.5183641
          ]
        ]
      }
    },
    {
      "type": "Feature",
      "id": "way/53202838",
      "properties": {
        "name": "Bhau Rangari Path",
        "highway": "residential"
      },
      "geometry": {
        "type": "LineString",
        "coordinates": [
          [
            73.8545274,
            18.5185586
          ],
          [
            73.8545825,
            18.5184825
          ],
          [
            73.8546372,
            18.5184069
          ],
          [
            73.8546811,
            18.5183136
          ],
          [
            73.8547121,
            18.5182538
          ],
          [
            73.8547628,
            18.5181559
          ],
          [
            73.8548446,
            18.5180202
          ],
          [
            73.8549496,
            18.5178747
          ],
          [
            73.8551461,
            18.5177283
          ],
          [
            73.8553295,
            18.5176207
          ],
          [
            73.8554963,
            18.5175378
          ],
          [
            73.8556394,
            18.517468
          ],
          [
            73.8558097,
            18.5174176
          ],
          [
            73.8559106,
            18.5174059
          ],
          [
            73.855949,
            18.5174015
          ],
          [
            73.8561716,
            18.517407
          ],
          [
            73.8562437,
            18.5174088
          ]
        ]
      }
    },
    {
      "type": "Feature",
      "id": "way/53202923",
      "properties": {
        "highway": "residential"
      },
      "geometry": {
        "type": "LineString",
        "coordinates": [
          [
            73.8548431,
            18.516735
          ],
          [
            73.8549101,
            18.5165962
          ],
          [
            73.8549176,
            18.5164979
          ],
          [
            73.8549262,
            18.5163827
          ],
          [
            73.8549218,
            18.5162684
          ],
          [
            73.8549084,
            18.5159253
          ],
          [
            73.8549183,
            18.5156957
          ],
          [
            73.8549641,
            18.5151832
          ],
          [
            73.8549798,
            18.5150076
          ]
        ]
      }
    },
    {
      "type": "Feature",
      "id": "way/53202958",
      "properties": {
        "name": "Amrale Road",
        "highway": "residential"
      },
      "geometry": {
        "type": "LineString",
        "coordinates": [
          [
            73.8559738,
            18.5118822
          ],
          [
            73.8559345,
            18.512462
          ],
          [
            73.8561687,
            18.5124737
          ],
          [
            73.8567318,
            18.512502
          ],
          [
            73.8568762,
            18.5124993
          ]
        ]
      }
    },
    {
      "type": "Feature",
      "id": "way/53202962",
      "properties": {
        "highway": "residential"
      },
      "geometry": {
        "type": "LineString",
        "coordinates": [
          [
            73.8563217,
            18.5153319
          ],
          [
            73.856307,
            18.5149338
          ],
          [
            73.8562992,
            18.5147235
          ]
        ]
      }
    },
    {
      "type": "Feature",
      "id": "way/53744450",
      "properties": {
        "name": "Shashikant Gogawale Path",
        "highway": "residential"
      },
      "geometry": {
        "type": "LineString",
        "coordinates": [
          [
            73.8522882,
            18.516378
          ],
          [
            73.8523008,
            18.5156323
          ],
          [
            73.852303,
            18.5154947
          ],
          [
            73.8523177,
            18.5144753
          ],
          [
            73.8523429,
            18.5143841
          ],
          [
            73.8524314,
            18.5138173
          ],
          [
            73.8524125,
            18.5136896
          ],
          [
            73.852418,
            18.5135047
          ],
          [
            73.8524515,
            18.5131943
          ],
          [
            73.8524656,
            18.5130635
          ],
          [
            73.8525571,
            18.5126543
          ]
        ]
      }
    },
    {
      "type": "Feature",
      "id": "way/53744641",
      "properties": {
        "name": "L. B. Bhopatkar Marg",
        "highway": "residential"
      },
      "geometry": {
        "type": "LineString",
        "coordinates": [
          [
            73.8459437,
            18.5111878
          ],
          [
            73.8465504,
            18.5112539
          ],
          [
            73.8475424,
            18.5113619
          ],
          [
            73.8486775,
            18.5114805
          ],
          [
            73.8506617,
            18.5117016
          ]
        ]
      }
    },
    {
      "type": "Feature",
      "id": "way/53744685",
      "properties": {
        "name": "HN Apte Path",
        "highway": "residential"
      },
      "geometry": {
        "type": "LineString",
        "coordinates": [
          [
            73.8523008,
            18.5156323
          ],
          [
            73.8531567,
            18.5156221
          ],
          [
            73.8535962,
            18.5156374
          ],
          [
            73.8537593,
            18.5156381
          ]
        ]
      }
    },
    {
      "type": "Feature",
      "id": "way/53744711",
      "properties": {
        "name": "Rashtrabhasha Bhavan Marg",
        "highway": "residential"
      },
      "geometry": {
        "type": "LineString",
        "coordinates": [
          [
            73.8460238,
            18.5153025
          ],
          [
            73.8461921,
            18.5152152
          ],
          [
            73.8463261,
            18.5151821
          ],
          [
            73.8465128,
            18.5151919
          ],
          [
            73.84705,
            18.5152203
          ],
          [
            73.8473846,
            18.515236
          ],
          [
            73.8479238,
            18.5152584
          ],
          [
            73.8483338,
            18.5152724
          ],
          [
            73.8500519,
            18.515373
          ],
          [
            73.8510542,
            18.5154257
          ],
          [
            73.8520058,
            18.5154783
          ],
          [
            73.852303,
            18.5154947
          ]
        ]
      }
    },
    {
      "type": "Feature",
      "id": "way/53744748",
      "properties": {
        "name": "T Saheb KK Marg",
        "highway": "tertiary"
      },
      "geometry": {
        "type": "LineString",
        "coordinates": [
          [
            73.8496167,
            18.51939
          ],
          [
            73.8496178,
            18.5193612
          ],
          [
            73.8496226,
            18.5193325
          ],
          [
            73.8496327,
            18.5192864
          ],
          [
            73.8496659,
            18.5191928
          ],
          [
            73.8497185,
            18.5190448
          ],
          [
            73.8497965,
            18.5188515
          ],
          [
            73.849861,
            18.5186916
          ],
          [
            73.850001,
            18.5182292
          ],
          [
            73.850027,
            18.5181419
          ]
        ]
      }
    },
    {
      "type": "Feature",
      "id": "way/53744764",
      "properties": {
        "name": "Bhat Bol",
        "highway": "residential"
      },
      "geometry": {
        "type": "LineString",
        "coordinates": [
          [
            73.8500669,
            18.5149554
          ],
          [
            73.8501798,
            18.515
          ],
          [
            73.8504345,
            18.5150127
          ],
          [
            73.8511451,
            18.5150373
          ],
          [
            73.8511437,
            18.5150811
          ],
          [
            73.8512834,
            18.5150867
          ]
        ]
      }
    },
    {
      "type": "Feature",
      "id": "way/53744766",
      "properties": {
        "name": "Kakasaheb Chachar Path",
        "highway": "residential"
      },
      "geometry": {
        "type": "LineString",
        "coordinates": [
          [
            73.8521508,
            18.5125973
          ],
          [
            73.8521679,
            18.5124243
          ],
          [
            73.852175,
            18.5122575
          ],
          [
            73.8521826,
            18.5120526
          ],
          [
            73.8521486,
            18.5118636
          ]
        ]
      }
    },
    {
      "type": "Feature",
      "id": "way/53744862",
      "properties": {
        "name": "Vasudev Balvant Phadke Path",
        "highway": "tertiary"
      },
      "geometry": {
        "type": "LineString",
        "coordinates": [
          [
            73.8506617,
            18.5117016
          ],
          [
            73.8506003,
            18.5120482
          ],
          [
            73.8505493,
            18.5122795
          ],
          [
            73.8504648,
            18.5123781
          ]
        ]
      }
    },
    {
      "type": "Feature",
      "id": "way/53744975",
      "properties": {
        "highway": "residential"
      },
      "geometry": {
        "type": "LineString",
        "coordinates": [
          [
            73.8508615,
            18.5100971
          ],
          [
            73.8516061,
            18.5101685
          ],
          [
            73.8518661,
            18.5102219
          ],
          [
            73.8520537,
            18.5102803
          ],
          [
            73.8523137,
            18.5103388
          ],
          [
            73.8524745,
            18.510354
          ],
          [
            73.8530729,
            18.5104569
          ]
        ]
      }
    },
    {
      "type": "Feature",
      "id": "way/53744984",
      "properties": {
        "highway": "residential"
      },
      "geometry": {
        "type": "LineString",
        "coordinates": [
          [
            73.8538301,
            18.5125021
          ],
          [
            73.8545147,
            18.5124707
          ],
          [
            73.8550902,
            18.5124787
          ]
        ]
      }
    },
    {
      "type": "Feature",
      "id": "way/53744990",
      "properties": {
        "highway": "residential"
      },
      "geometry": {
        "type": "LineString",
        "coordinates": [
          [
            73.85508,
            18.5134161
          ],
          [
            73.8550902,
            18.5124787
          ],
          [
            73.8551172,
            18.5118773
          ]
        ]
      }
    },
    {
      "type": "Feature",
      "id": "way/53745027",
      "properties": {
        "highway": "residential"
      },
      "geometry": {
        "type": "LineString",
        "coordinates": [
          [
            73.8551172,
            18.5118773
          ],
          [
            73.8538073,
            18.5118551
          ]
        ]
      }
    },
    {
      "type": "Feature",
      "id": "way/53745074",
      "properties": {
        "name": "Pant Sachiv Pichhadi",
        "highway": "residential"
      },
      "geometry": {
        "type": "LineString",
        "coordinates": [
          [
            73.8573553,
            18.5084188
          ],
          [
            73.8573025,
            18.5086541
          ],
          [
            73.8572794,
            18.5094755
          ],
          [
            73.857277,
            18.5095569
          ],
          [
            73.8572706,
            18.5097779
          ],
          [
            73.8572464,
            18.5106155
          ],
          [
            73.8572336,
            18.5107215
          ],
          [
            73.8572295,
            18.5112907
          ],
          [
            73.8572179,
            18.511794
          ],
          [
            73.8572359,
            18.5123297
          ],
          [
            73.8572593,
            18.51238
          ],
          [
            73.8573209,
            18.5124107
          ],
          [
            73.8574611,
            18.5124487
          ],
          [
            73.8575974,
            18.5124701
          ],
          [
            73.8576862,
            18.5124789
          ]
        ]
      }
    },
    {
      "type": "Feature",
      "id": "way/53745151",
      "properties": {
        "highway": "residential"
      },
      "geometry": {
        "type": "LineString",
        "coordinates": [
          [
            73.8553085,
            18.5099343
          ],
          [
            73.8554798,
            18.5099353
          ],
          [
            73.8559505,
            18.5099387
          ],
          [
            73.8561304,
            18.5099422
          ],
          [
            73.8564067,
            18.5099697
          ],
          [
            73.8565065,
            18.509987
          ],
          [
            73.8567575,
            18.5100174
          ]
        ]
      }
    },
    {
      "type": "Feature",
      "id": "way/53745154",
      "properties": {
        "name": "Umardand Road",
        "highway": "residential"
      },
      "geometry": {
        "type": "LineString",
        "coordinates": [
          [
            73.8572464,
            18.5106155
          ],
          [
            73.8578274,
            18.5106351
          ],
          [
            73.8579176,
            18.5106381
          ]
        ]
      }
    },
    {
      "type": "Feature",
      "id": "way/53745186",
      "properties": {
        "highway": "residential"
      },
      "geometry": {
        "type": "LineString",
        "coordinates": [
          [
            73.8630127,
            18.5101186
          ],
          [
            73.862896,
            18.5100854
          ],
          [
            73.8627393,
            18.5100662
          ],
          [
            73.8626095,
            18.5100622
          ],
          [
            73.8621057,
            18.5100872
          ],
          [
            73.8616033,
            18.5101049
          ],
          [
            73.8613626,
            18.5101202
          ],
          [
            73.861093,
            18.5101385
          ]
        ]
      }
    },
    {
      "type": "Feature",
      "id": "way/53745191",
      "properties": {
        "name": "Mahatma Phule Road",
        "highway": "tertiary"
      },
      "geometry": {
        "type": "LineString",
        "coordinates": [
          [
            73.8634533,
            18.5106793
          ],
          [
            73.86325,
            18.5106757
          ],
          [
            73.8630769,
            18.5106129
          ],
          [
            73.8629124,
            18.5105666
          ],
          [
            73.8625732,
            18.5105422
          ],
          [
            73.862032,
            18.5105295
          ],
          [
            73.8617635,
            18.5105252
          ],
          [
            73.8613009,
            18.5105398
          ],
          [
            73.8610745,
            18.5105579
          ],
          [
            73.8607358,
            18.5105814
          ],
          [
            73.8605945,
            18.5105912
          ],
          [
            73.8602966,
            18.5105944
          ],
          [
            73.8598592,
            18.5105617
          ],
          [
            73.8596363,
            18.5105376
          ],
          [
            73.8593966,
            18.510513
          ],
          [
            73.8591525,
            18.5105172
          ]
        ]
      }
    },
    {
      "type": "Feature",
      "id": "way/53745272",
      "properties": {
        "highway": "residential"
      },
      "geometry": {
        "type": "LineString",
        "coordinates": [
          [
            73.8610371,
            18.512771
          ],
          [
            73.8610496,
            18.512693
          ],
          [
            73.8610989,
            18.5120298
          ],
          [
            73.8611125,
            18.5117078
          ],
          [
            73.8610945,
            18.5112472
          ],
          [
            73.8610894,
            18.5109035
          ]
        ]
      }
    },
    {
      "type": "Feature",
      "id": "way/53745361",
      "properties": {
        "highway": "residential"
      },
      "geometry": {
        "type": "LineString",
        "coordinates": [
          [
            73.8543815,
            18.5140254
          ],
          [
            73.854369,
            18.5146564
          ]
        ]
      }
    },
    {
      "type": "Feature",
      "id": "way/53745368",
      "properties": {
        "highway": "residential"
      },
      "geometry": {
        "type": "LineString",
        "coordinates": [
          [
            73.8531837,
            18.5128727
          ],
          [
            73.8531541,
            18.5132292
          ],
          [
            73.8531668,
            18.5134498
          ],
          [
            73.8531846,
            18.5136506
          ]
        ]
      }
    },
    {
      "type": "Feature",
      "id": "way/53745373",
      "properties": {
        "name": "Kishore Bhadbhade Path",
        "highway": "residential"
      },
      "geometry": {
        "type": "LineString",
        "coordinates": [
          [
            73.8519179,
            18.5175321
          ],
          [
            73.8522201,
            18.5175485
          ],
          [
            73.8527345,
            18.5175589
          ],
          [
            73.8529393,
            18.5175623
          ],
          [
            73.8531102,
            18.5175589
          ],
          [
            73.8532167,
            18.5175584
          ],
          [
            73.8533146,
            18.5175578
          ],
          [
            73.8535695,
            18.5175697
          ],
          [
            73.8539624,
            18.5175805
          ]
        ]
      }
    },
    {
      "type": "Feature",
      "id": "way/53745374",
      "properties": {
        "name": "Ramashastri Prabhune Path",
        "highway": "residential"
      },
      "geometry": {
        "type": "LineString",
        "coordinates": [
          [
            73.8510378,
            18.516401
          ],
          [
            73.8510335,
            18.5170452
          ],
          [
            73.8509893,
            18.5185987
          ]
        ]
      }
    },
    {
      "type": "Feature",
      "id": "way/53745381",
      "properties": {
        "name": "Harihareshwar Mandir Marg",
        "highway": "residential"
      },
      "geometry": {
        "type": "LineString",
        "coordinates": [
          [
            73.8538524,
            18.5193472
          ],
          [
            73.8538428,
            18.5192143
          ],
          [
            73.8538421,
            18.5190815
          ],
          [
            73.8538303,
            18.5183575
          ]
        ]
      }
    },
    {
      "type": "Feature",
      "id": "way/53745426",
      "properties": {
        "name": "Niranjav Madhav Marg",
        "highway": "residential"
      },
      "geometry": {
        "type": "LineString",
        "coordinates": [
          [
            73.8520545,
            18.5194588
          ],
          [
            73.8520635,
            18.5195749
          ],
          [
            73.8520595,
            18.5197582
          ]
        ]
      }
    },
    {
      "type": "Feature",
      "id": "way/53759273",
      "properties": {
        "name": "Harihareshwar Mandir Marg",
        "highway": "residential"
      },
      "geometry": {
        "type": "LineString",
        "coordinates": [
          [
            73.8536831,
            18.5202246
          ],
          [
            73.8537056,
            18.5201251
          ],
          [
            73.8537448,
            18.5201179
          ],
          [
            73.8537906,
            18.5200889
          ],
          [
            73.8538139,
            18.5200577
          ],
          [
            73.8538266,
            18.520043
          ],
          [
            73.853828,
            18.5198386
          ],
          [
            73.8538347,
            18.5197356
          ],
          [
            73.8538454,
            18.5196822
          ],
          [
            73.8538574,
            18.5195793
          ],
          [
            73.8538524,
            18.5193472
          ]
        ]
      }
    },
    {
      "type": "Feature",
      "id": "way/53759316",
      "properties": {
        "name": "Jayantarao Tilak Bridge",
        "highway": "tertiary"
      },
      "geometry": {
        "type": "LineString",
        "coordinates": [
          [
            73.8534408,
            18.5211238
          ],
          [
            73.8531414,
            18.5224737
          ]
        ]
      }
    },
    {
      "type": "Feature",
      "id": "way/53759732",
      "properties": {
        "highway": "residential"
      },
      "geometry": {
        "type": "LineString",
        "coordinates": [
          [
            73.8589885,
            18.5232235
          ],
          [
            73.8589732,
            18.5226336
          ],
          [
            73.8589685,
            18.5224519
          ],
          [
            73.8589664,
            18.5223682
          ],
          [
            73.8589567,
            18.5219955
          ]
        ]
      }
    },
    {
      "type": "Feature",
      "id": "way/53760040",
      "properties": {
        "name": "Kalika Devi Marg",
        "highway": "residential"
      },
      "geometry": {
        "type": "LineString",
        "coordinates": [
          [
            73.8574762,
            18.5183657
          ],
          [
            73.8576954,
            18.5183655
          ],
          [
            73.857882,
            18.5183653
          ],
          [
            73.8580368,
            18.5183651
          ],
          [
            73.8584368,
            18.5183646
          ],
          [
            73.8589412,
            18.5183641
          ]
        ]
      }
    },
    {
      "type": "Feature",
      "id": "way/53760055",
      "properties": {
        "highway": "residential"
      },
      "geometry": {
        "type": "LineString",
        "coordinates": [
          [
            73.8594887,
            18.5177434
          ],
          [
            73.8598197,
            18.5177223
          ],
          [
            73.8601564,
            18.5177008
          ]
        ]
      }
    },
    {
      "type": "Feature",
      "id": "way/53760056",
      "properties": {
        "name": "Shankarlal Khivansara Path",
        "highway": "residential"
      },
      "geometry": {
        "type": "LineString",
        "coordinates": [
          [
            73.8599743,
            18.5187818
          ],
          [
            73.8600447,
            18.5186467
          ],
          [
            73.8600864,
            18.5184961
          ],
          [
            73.8601181,
            18.518306
          ],
          [
            73.8601521,
            18.5181309
          ],
          [
            73.8601564,
            18.5177008
          ],
          [
            73.860084,
            18.5168373
          ]
        ]
      }
    },
    {
      "type": "Feature",
      "id": "way/53760087",
      "properties": {
        "highway": "residential"
      },
      "geometry": {
        "type": "LineString",
        "coordinates": [
          [
            73.856845,
            18.5168867
          ],
          [
            73.8568462,
            18.5168567
          ],
          [
            73.8568598,
            18.5165034
          ],
          [
            73.8568637,
            18.516402
          ],
          [
            73.8568702,
            18.5162359
          ],
          [
            73.8568734,
            18.5161515
          ],
          [
            73.856884,
            18.5158783
          ],
          [
            73.856887,
            18.5158009
          ],
          [
            73.8568892,
            18.5157451
          ]
        ]
      }
    },
    {
      "type": "Feature",
      "id": "way/53760091",
      "properties": {
        "highway": "residential"
      },
      "geometry": {
        "type": "LineString",
        "coordinates": [
          [
            73.8566723,
            18.5147029
          ],
          [
            73.8568052,
            18.5147622
          ],
          [
            73.857026,
            18.5148611
          ],
          [
            73.8571055,
            18.5148843
          ],
          [
            73.8572534,
            18.5149276
          ],
          [
            73.8574078,
            18.5149915
          ],
          [
            73.8575398,
            18.5150314
          ],
          [
            73.8577334,
            18.515074
          ],
          [
            73.8580835,
            18.5151392
          ]
        ]
      }
    },
    {
      "type": "Feature",
      "id": "way/53760131",
      "properties": {
        "highway": "residential"
      },
      "geometry": {
        "type": "LineString",
        "coordinates": [
          [
            73.8574078,
            18.5149915
          ],
          [
            73.8574162,
            18.5148238
          ],
          [
            73.8573993,
            18.5141638
          ]
        ]
      }
    },
    {
      "type": "Feature",
      "id": "way/53760256",
      "properties": {
        "highway": "residential"
      },
      "geometry": {
        "type": "LineString",
        "coordinates": [
          [
            73.8600955,
            18.5141558
          ],
          [
            73.8607315,
            18.5142041
          ],
          [
            73.8611116,
            18.514233
          ],
          [
            73.861172,
            18.5142277
          ],
          [
            73.8612365,
            18.5142077
          ],
          [
            73.8612758,
            18.5141718
          ],
          [
            73.8612913,
            18.5141079
          ],
          [
            73.8612969,
            18.5139988
          ],
          [
            73.86128,
            18.5137871
          ],
          [
            73.8612716,
            18.5136926
          ],
          [
            73.8612272,
            18.513507
          ]
        ]
      }
    },
    {
      "type": "Feature",
      "id": "way/53760268",
      "properties": {
        "highway": "residential"
      },
      "geometry": {
        "type": "LineString",
        "coordinates": [
          [
            73.8611125,
            18.5117078
          ],
          [
            73.8615272,
            18.5117699
          ],
          [
            73.8616524,
            18.5117804
          ],
          [
            73.8619565,
            18.5118155
          ]
        ]
      }
    },
    {
      "type": "Feature",
      "id": "way/60991570",
      "properties": {
        "name": "Shivaji Road",
        "highway": "trunk"
      },
      "geometry": {
        "type": "LineString",
        "coordinates": [
          [
            73.8550363,
            18.5217074
          ],
          [
            73.855011,
            18.5217641
          ]
        ]
      }
    },
    {
      "type": "Feature",
      "id": "way/60991571",
      "properties": {
        "name": "Shivaji Road",
        "highway": "trunk"
      },
      "geometry": {
        "type": "LineString",
        "coordinates": [
          [
            73.8554326,
            18.5210055
          ],
          [
            73.8555358,
            18.5208561
          ],
          [
            73.8556954,
            18.5206653
          ],
          [
            73.8558408,
            18.5205286
          ],
          [
            73.856029,
            18.5203046
          ],
          [
            73.8560368,
            18.5202954
          ],
          [
            73.856056,
            18.5202656
          ],
          [
            73.8561095,
            18.5201824
          ],
          [
            73.8561283,
            18.5200921
          ],
          [
            73.8561483,
            18.5197231
          ],
          [
            73.8561747,
            18.5192133
          ],
          [
            73.8562076,
            18.5186487
          ],
          [
            73.8562138,
            18.518542
          ]
        ]
      }
    },
    {
      "type": "Feature",
      "id": "way/61720915",
      "properties": {
        "highway": "tertiary"
      },
      "geometry": {
        "type": "LineString",
        "coordinates": [
          [
            73.8597248,
            18.5186506
          ],
          [
            73.8596498,
            18.5190235
          ]
        ]
      }
    },
    {
      "type": "Feature",
      "id": "way/61720916",
      "properties": {
        "highway": "residential"
      },
      "geometry": {
        "type": "LineString",
        "coordinates": [
          [
            73.865081,
            18.5216217
          ],
          [
            73.8649642,
            18.5216306
          ],
          [
            73.8645294,
            18.5216308
          ],
          [
            73.8642985,
            18.5216309
          ],
          [
            73.8641377,
            18.521631
          ],
          [
            73.863901,
            18.5216492
          ],
          [
            73.8637023,
            18.5216431
          ],
          [
            73.8631419,
            18.521626
          ],
          [
            73.8628705,
            18.5216016
          ],
          [
            73.8627001,
            18.5216101
          ],
          [
            73.8625527,
            18.5216303
          ],
          [
            73.8623502,
            18.521671
          ],
          [
            73.8621173,
            18.5217606
          ],
          [
            73.8619914,
            18.5218077
          ],
          [
            73.8619145,
            18.5218301
          ],
          [
            73.8618714,
            18.5220728
          ]
        ]
      }
    },
    {
      "type": "Feature",
      "id": "way/61969048",
      "properties": {
        "highway": "residential"
      },
      "geometry": {
        "type": "LineString",
        "coordinates": [
          [
            73.8561747,
            18.5192133
          ],
          [
            73.85624,
            18.5192064
          ],
          [
            73.8565451,
            18.5191744
          ],
          [
            73.8567878,
            18.5191472
          ],
          [
            73.8569622,
            18.5191167
          ],
          [
            73.8571704,
            18.5190854
          ]
        ]
      }
    },
    {
      "type": "Feature",
      "id": "way/61969075",
      "properties": {
        "highway": "residential"
      },
      "geometry": {
        "type": "LineString",
        "coordinates": [
          [
            73.8556954,
            18.5206653
          ],
          [
            73.8557886,
            18.5206678
          ],
          [
            73.8561023,
            18.5206761
          ],
          [
            73.8562747,
            18.5206569
          ],
          [
            73.8564602,
            18.5206532
          ],
          [
            73.8566591,
            18.5206332
          ],
          [
            73.8568247,
            18.5206381
          ],
          [
            73.8569809,
            18.5206427
          ],
          [
            73.8573302,
            18.5206473
          ],
          [
            73.8578035,
            18.5206833
          ]
        ]
      }
    },
    {
      "type": "Feature",
      "id": "way/118591974",
      "properties": {
        "name": "Raja Dinkar Kelkar Sangrahalay Path",
        "highway": "residential"
      },
      "geometry": {
        "type": "LineString",
        "coordinates": [
          [
            73.8538173,
            18.5105598
          ],
          [
            73.8543817,
            18.5106007
          ],
          [
            73.8549055,
            18.5106005
          ],
          [
            73.8551414,
            18.5106339
          ]
        ]
      }
    },
    {
      "type": "Feature",
      "id": "way/118591976",
      "properties": {
        "name": "Shinde Ali",
        "highway": "residential"
      },
      "geometry": {
        "type": "LineString",
        "coordinates": [
          [
            73.8572336,
            18.5107215
          ],
          [
            73.8566811,
            18.5106729
          ],
          [
            73.8556743,
            18.5106626
          ],
          [
            73.8551414,
            18.5106339
          ]
        ]
      }
    },
    {
      "type": "Feature",
      "id": "way/121897351",
      "properties": {
        "highway": "trunk_link"
      },
      "geometry": {
        "type": "LineString",
        "coordinates": [
          [
            73.8551804,
            18.5209285
          ],
          [
            73.85522,
            18.5209647
          ],
          [
            73.8552549,
            18.5209966
          ],
          [
            73.855277,
            18.5210131
          ],
          [
            73.8553065,
            18.5210239
          ],
          [
            73.8553206,
            18.5210265
          ],
          [
            73.855336,
            18.5210258
          ],
          [
            73.8553729,
            18.5210182
          ],
          [
            73.8553839,
            18.5210159
          ],
          [
            73.8554326,
            18.5210055
          ]
        ]
      }
    },
    {
      "type": "Feature",
      "id": "way/130356219",
      "properties": {
        "name": "Munjabacha Bol",
        "highway": "residential"
      },
      "geometry": {
        "type": "LineString",
        "coordinates": [
          [
            73.848382,
            18.5146599
          ],
          [
            73.8500669,
            18.5149554
          ]
        ]
      }
    },
    {
      "type": "Feature",
      "id": "way/132474354",
      "properties": {
        "name": "Chandrashekhar Agashe Road",
        "highway": "tertiary"
      },
      "geometry": {
        "type": "LineString",
        "coordinates": [
          [
            73.8530104,
            18.5210095
          ],
          [
            73.8529434,
            18.5210217
          ],
          [
            73.8527653,
            18.5209929
          ],
          [
            73.8523825,
            18.5209156
          ],
          [
            73.8517269,
            18.5207981
          ],
          [
            73.8515808,
            18.5207719
          ],
          [
            73.8510824,
            18.5206838
          ],
          [
            73.8507659,
            18.5205922
          ],
          [
            73.8505865,
            18.5205196
          ],
          [
            73.8504683,
            18.5204718
          ],
          [
            73.8503224,
            18.5204179
          ],
          [
            73.8501935,
            18.5203927
          ],
          [
            73.8500343,
            18.5203783
          ],
          [
            73.849714,
            18.5203729
          ],
          [
            73.8493786,
            18.5203388
          ],
          [
            73.8489484,
            18.5201842
          ],
          [
            73.8488497,
            18.5201268
          ],
          [
            73.8487619,
            18.520051
          ],
          [
            73.8486501,
            18.5199455
          ],
          [
            73.8483129,
            18.5195786
          ],
          [
            73.8478939,
            18.5191254
          ],
          [
            73.8476484,
            18.5188927
          ],
          [
            73.8471728,
            18.5184039
          ],
          [
            73.8467312,
            18.5178773
          ],
          [
            73.8461878,
            18.5171692
          ],
          [
            73.8453837,
            18.5160246
          ],
          [
            73.8448452,
            18.5151792
          ]
        ]
      }
    },
    {
      "type": "Feature",
      "id": "way/147854711",
      "properties": {
        "highway": "residential"
      },
      "geometry": {
        "type": "LineString",
        "coordinates": [
          [
            73.8590885,
            18.5196187
          ],
          [
            73.8592426,
            18.5195546
          ],
          [
            73.8594217,
            18.5194688
          ],
          [
            73.8596296,
            18.5194252
          ]
        ]
      }
    },
    {
      "type": "Feature",
      "id": "way/151720280",
      "properties": {
        "name": "Mahanagarpalika Vidyalay Path",
        "highway": "tertiary"
      },
      "geometry": {
        "type": "LineString",
        "coordinates": [
          [
            73.8562138,
            18.518542
          ],
          [
            73.8553654,
            18.5185335
          ],
          [
            73.8547297,
            18.5185271
          ],
          [
            73.8546514,
            18.5185323
          ],
          [
            73.8545274,
            18.5185586
          ]
        ]
      }
    },
    {
      "type": "Feature",
      "id": "way/151723528",
      "properties": {
        "highway": "tertiary"
      },
      "geometry": {
        "type": "LineString",
        "coordinates": [
          [
            73.8538256,
            18.5204329
          ],
          [
            73.8538013,
            18.5204791
          ],
          [
            73.8537939,
            18.5204991
          ],
          [
            73.8537323,
            18.5206654
          ],
          [
            73.8536543,
            18.5208414
          ]
        ]
      }
    },
    {
      "type": "Feature",
      "id": "way/159889519",
      "properties": {
        "name": "Bajirao Road",
        "highway": "trunk"
      },
      "geometry": {
        "type": "LineString",
        "coordinates": [
          [
            73.8538574,
            18.5164569
          ],
          [
            73.8539039,
            18.5169543
          ],
          [
            73.8539624,
            18.5175805
          ],
          [
            73.8539774,
            18.517793
          ],
          [
            73.8539897,
            18.5179678
          ],
          [
            73.8540003,
            18.5181184
          ],
          [
            73.854053,
            18.5182565
          ],
          [
            73.8540701,
            18.5183013
          ],
          [
            73.8541945,
            18.5184495
          ],
          [
            73.8543296,
            18.5185271
          ],
          [
            73.8545274,
            18.5185586
          ]
        ]
      }
    },
    {
      "type": "Feature",
      "id": "way/160067632",
      "properties": {
        "highway": "residential"
      },
      "geometry": {
        "type": "LineString",
        "coordinates": [
          [
            73.857465,
            18.5172763
          ],
          [
            73.8574726,
            18.5178062
          ],
          [
            73.8574757,
            18.5180246
          ],
          [
            73.8574787,
            18.5182337
          ]
        ]
      }
    },
    {
      "type": "Feature",
      "id": "way/160067697",
      "properties": {
        "highway": "tertiary"
      },
      "geometry": {
        "type": "LineString",
        "coordinates": [
          [
            73.8596498,
            18.5190235
          ],
          [
            73.8596305,
            18.5191104
          ],
          [
            73.8596139,
            18.5192595
          ],
          [
            73.8596296,
            18.5194252
          ],
          [
            73.8597172,
            18.519663
          ],
          [
            73.8597462,
            18.5197712
          ],
          [
            73.8598195,
            18.5200832
          ],
          [
            73.8598722,
            18.5202626
          ],
          [
            73.8599644,
            18.5206202
          ],
          [
            73.8600083,
            18.520891
          ],
          [
            73.8600182,
            18.5211198
          ],
          [
            73.8600196,
            18.5211529
          ],
          [
            73.860007,
            18.5213267
          ],
          [
            73.8599787,
            18.5216262
          ],
          [
            73.8599397,
            18.5220127
          ]
        ]
      }
    },
    {
      "type": "Feature",
      "id": "way/170318602",
      "properties": {
        "name": "Shivaji Road",
        "highway": "trunk"
      },
      "geometry": {
        "type": "LineString",
        "coordinates": [
          [
            73.8562542,
            18.516866
          ],
          [
            73.8562547,
            18.5168173
          ],
          [
            73.8562603,
            18.5162856
          ],
          [
            73.8562699,
            18.5160609
          ],
          [
            73.8562748,
            18.5159465
          ],
          [
            73.8562835,
            18.5157412
          ],
          [
            73.8562866,
            18.5156694
          ]
        ]
      }
    },
    {
      "type": "Feature",
      "id": "way/180529728",
      "properties": {
        "highway": "residential"
      },
      "geometry": {
        "type": "LineString",
        "coordinates": [
          [
            73.8618786,
            18.5155296
          ],
          [
            73.862041,
            18.5155564
          ],
          [
            73.8621547,
            18.5155578
          ],
          [
            73.8623596,
            18.5155551
          ],
          [
            73.8625168,
            18.5155405
          ],
          [
            73.862667,
            18.5155351
          ],
          [
            73.8628186,
            18.5155244
          ],
          [
            73.8629688,
            18.5155072
          ],
          [
            73.8630881,
            18.5154992
          ],
          [
            73.8632387,
            18.5154859
          ],
          [
            73.8634558,
            18.5154633
          ],
          [
            73.863618,
            18.5154505
          ],
          [
            73.8637618,
            18.5154327
          ]
        ]
      }
    },
    {
      "type": "Feature",
      "id": "way/180656278",
      "properties": {
        "highway": "residential"
      },
      "geometry": {
        "type": "LineString",
        "coordinates": [
          [
            73.8608461,
            18.5159729
          ],
          [
            73.8609252,
            18.5156569
          ],
          [
            73.860942,
            18.515604
          ],
          [
            73.8609669,
            18.5155731
          ],
          [
            73.8610247,
            18.5155582
          ],
          [
            73.8611406,
            18.5155628
          ],
          [
            73.8611958,
            18.5155324
          ],
          [
            73.8612587,
            18.5154545
          ],
          [
            73.8613163,
            18.5153924
          ],
          [
            73.8613658,
            18.515311
          ],
          [
            73.8614019,
            18.515229
          ],
          [
            73.8614489,
            18.5151489
          ],
          [
            73.8615359,
            18.514976
          ],
          [
            73.8616107,
            18.5148886
          ],
          [
            73.8616399,
            18.5148096
          ]
        ]
      }
    },
    {
      "type": "Feature",
      "id": "way/180656336",
      "properties": {
        "highway": "residential"
      },
      "geometry": {
        "type": "LineString",
        "coordinates": [
          [
            73.8619591,
            18.5148546
          ],
          [
            73.8620636,
            18.5148522
          ],
          [
            73.862211,
            18.5148522
          ],
          [
            73.8622955,
            18.5148434
          ],
          [
            73.8623131,
            18.5148403
          ],
          [
            73.8623587,
            18.5148322
          ],
          [
            73.862431,
            18.5148244
          ],
          [
            73.8628235,
            18.5148268
          ]
        ]
      }
    },
    {
      "type": "Feature",
      "id": "way/180662203",
      "properties": {
        "name": "Laxmi Path",
        "highway": "tertiary"
      },
      "geometry": {
        "type": "LineString",
        "coordinates": [
          [
            73.8618252,
            18.5161016
          ],
          [
            73.8621358,
            18.5161069
          ],
          [
            73.8623287,
            18.5161102
          ],
          [
            73.8625481,
            18.5161139
          ],
          [
            73.8627177,
            18.5161267
          ]
        ]
      }
    },
    {
      "type": "Feature",
      "id": "way/216506271",
      "properties": {
        "name": "Veer Santaji Ghorpade Marg",
        "highway": "secondary"
      },
      "geometry": {
        "type": "LineString",
        "coordinates": [
          [
            73.8579348,
            18.5238605
          ],
          [
            73.8578387,
            18.5237968
          ],
          [
            73.8576188,
            18.5236508
          ],
          [
            73.8573341,
            18.5233955
          ],
          [
            73.8570462,
            18.5230906
          ],
          [
            73.8568935,
            18.5229091
          ],
          [
            73.8565879,
            18.5225256
          ],
          [
            73.856347,
            18.5222728
          ],
          [
            73.8563025,
            18.5222343
          ],
          [
            73.8558789,
            18.5218681
          ],
          [
            73.8554953,
            18.5216228
          ],
          [
            73.8554178,
            18.5215733
          ],
          [
            73.8553528,
            18.5215211
          ]
        ]
      }
    },
    {
      "type": "Feature",
      "id": "way/216582074",
      "properties": {
        "name": "Nakalakar Bhonde Path",
        "highway": "tertiary"
      },
      "geometry": {
        "type": "LineString",
        "coordinates": [
          [
            73.8538574,
            18.5164569
          ],
          [
            73.8540402,
            18.5165528
          ],
          [
            73.8541841,
            18.5166144
          ],
          [
            73.8542825,
            18.5166348
          ],
          [
            73.8543418,
            18.5166471
          ],
          [
            73.8544214,
            18.516659
          ],
          [
            73.8546986,
            18.5167038
          ],
          [
            73.8548431,
            18.516735
          ],
          [
            73.8551379,
            18.5168169
          ],
          [
            73.8553709,
            18.5168592
          ],
          [
            73.8555798,
            18.5168729
          ],
          [
            73.8558208,
            18.5168734
          ],
          [
            73.8559441,
            18.5168737
          ],
          [
            73.8560571,
            18.5168709
          ],
          [
            73.8561685,
            18.5168681
          ],
          [
            73.8562542,
            18.516866
          ]
        ]
      }
    },
    {
      "type": "Feature",
      "id": "way/217384605",
      "properties": {
        "highway": "residential"
      },
      "geometry": {
        "type": "LineString",
        "coordinates": [
          [
            73.8516547,
            18.5097468
          ],
          [
            73.8516061,
            18.5101685
          ]
        ]
      }
    },
    {
      "type": "Feature",
      "id": "way/217384612",
      "properties": {
        "highway": "residential"
      },
      "geometry": {
        "type": "LineString",
        "coordinates": [
          [
            73.8531932,
            18.5090449
          ],
          [
            73.8531364,
            18.5099243
          ],
          [
            73.8530729,
            18.5104569
          ]
        ]
      }
    },
    {
      "type": "Feature",
      "id": "way/217389441",
      "properties": {
        "highway": "residential"
      },
      "geometry": {
        "type": "LineString",
        "coordinates": [
          [
            73.858075,
            18.5172188
          ],
          [
            73.8580762,
            18.516956
          ],
          [
            73.8580763,
            18.5169392
          ]
        ]
      }
    },
    {
      "type": "Feature",
      "id": "way/217389443",
      "properties": {
        "highway": "residential"
      },
      "geometry": {
        "type": "LineString",
        "coordinates": [
          [
            73.8562463,
            18.5172658
          ],
          [
            73.8562912,
            18.517279
          ],
          [
            73.8564118,
            18.5173143
          ],
          [
            73.8565785,
            18.5173518
          ],
          [
            73.8567907,
            18.5174014
          ],
          [
            73.8569332,
            18.5174095
          ],
          [
            73.857007,
            18.5173926
          ],
          [
            73.8571162,
            18.5173298
          ],
          [
            73.857181,
            18.5172954
          ],
          [
            73.8572672,
            18.517288
          ],
          [
            73.857465,
            18.5172763
          ],
          [
            73.8576601,
            18.5172602
          ],
          [
            73.8578189,
            18.5172451
          ],
          [
            73.8579122,
            18.5172301
          ],
          [
            73.858075,
            18.5172188
          ],
          [
            73.8581722,
            18.5172338
          ],
          [
            73.8582834,
            18.5172433
          ],
          [
            73.8587102,
            18.5172357
          ],
          [
            73.8587625,
            18.5172503
          ],
          [
            73.8587777,
            18.5172545
          ],
          [
            73.8588491,
            18.5172809
          ],
          [
            73.8589523,
            18.5173072
          ],
          [
            73.8590595,
            18.5173167
          ],
          [
            73.8594292,
            18.5172811
          ]
        ]
      }
    },
    {
      "type": "Feature",
      "id": "way/217389444",
      "properties": {
        "highway": "residential"
      },
      "geometry": {
        "type": "LineString",
        "coordinates": [
          [
            73.8559345,
            18.512462
          ],
          [
            73.8559131,
            18.5126126
          ],
          [
            73.8558804,
            18.5128419
          ],
          [
            73.8558435,
            18.5134482
          ]
        ]
      }
    },
    {
      "type": "Feature",
      "id": "way/217389446",
      "properties": {
        "highway": "residential"
      },
      "geometry": {
        "type": "LineString",
        "coordinates": [
          [
            73.8598101,
            18.5171074
          ],
          [
            73.8598197,
            18.5177223
          ],
          [
            73.8598276,
            18.5181543
          ],
          [
            73.8598339,
            18.5184982
          ]
        ]
      }
    },
    {
      "type": "Feature",
      "id": "way/217389448",
      "properties": {
        "highway": "living_street"
      },
      "geometry": {
        "type": "LineString",
        "coordinates": [
          [
            73.8598468,
            18.5168735
          ],
          [
            73.8598866,
            18.5166573
          ],
          [
            73.8599147,
            18.5164936
          ],
          [
            73.859939,
            18.5163388
          ]
        ]
      }
    },
    {
      "type": "Feature",
      "id": "way/217389450",
      "properties": {
        "highway": "residential"
      },
      "geometry": {
        "type": "LineString",
        "coordinates": [
          [
            73.8597385,
            18.5123153
          ],
          [
            73.859904,
            18.5121126
          ],
          [
            73.8600077,
            18.5119786
          ],
          [
            73.8600503,
            18.5117846
          ],
          [
            73.8602632,
            18.5108138
          ],
          [
            73.8602966,
            18.5105944
          ],
          [
            73.8603656,
            18.5103246
          ],
          [
            73.8604044,
            18.5101306
          ],
          [
            73.8604662,
            18.509834
          ],
          [
            73.860617,
            18.5091273
          ],
          [
            73.860695,
            18.5087616
          ],
          [
            73.860838,
            18.5083256
          ],
          [
            73.8609856,
            18.5078804
          ],
          [
            73.8611072,
            18.5075023
          ],
          [
            73.8611347,
            18.5074168
          ],
          [
            73.8612136,
            18.5071846
          ],
          [
            73.861223,
            18.5071277
          ],
          [
            73.861291,
            18.5067154
          ],
          [
            73.8613655,
            18.5063638
          ],
          [
            73.8614182,
            18.5061195
          ],
          [
            73.8614462,
            18.5059719
          ],
          [
            73.8614818,
            18.5058002
          ],
          [
            73.8615355,
            18.5056557
          ],
          [
            73.8615771,
            18.5055883
          ],
          [
            73.8616256,
            18.5055325
          ],
          [
            73.8617554,
            18.5054122
          ],
          [
            73.8617983,
            18.5053514
          ],
          [
            73.8618417,
            18.5052676
          ],
          [
            73.8619633,
            18.5051052
          ],
          [
            73.8621455,
            18.5048924
          ],
          [
            73.8622188,
            18.504836
          ],
          [
            73.8622822,
            18.5047607
          ],
          [
            73.8623971,
            18.5045848
          ],
          [
            73.8625287,
            18.5043954
          ],
          [
            73.8625764,
            18.5042889
          ],
          [
            73.8626096,
            18.504187
          ],
          [
            73.8626214,
            18.5041508
          ],
          [
            73.8627924,
            18.5033669
          ],
          [
            73.8628119,
            18.5032982
          ],
          [
            73.8629411,
            18.5029612
          ],
          [
            73.8629697,
            18.5029313
          ],
          [
            73.8631075,
            18.5028743
          ]
        ]
      }
    },
    {
      "type": "Feature",
      "id": "way/217389453",
      "properties": {
        "highway": "residential"
      },
      "geometry": {
        "type": "LineString",
        "coordinates": [
          [
            73.8574787,
            18.5182337
          ],
          [
            73.8570918,
            18.5182345
          ],
          [
            73.8570005,
            18.5182326
          ],
          [
            73.8568496,
            18.5182044
          ],
          [
            73.8563143,
            18.518185
          ],
          [
            73.8562211,
            18.5181816
          ]
        ]
      }
    },
    {
      "type": "Feature",
      "id": "way/217393362",
      "properties": {
        "name": "Haribhau Akurde Path",
        "highway": "residential"
      },
      "geometry": {
        "type": "LineString",
        "coordinates": [
          [
            73.8610745,
            18.5105579
          ],
          [
            73.8610891,
            18.5102757
          ],
          [
            73.861093,
            18.5101385
          ],
          [
            73.8611067,
            18.5098872
          ],
          [
            73.8611411,
            18.5096219
          ],
          [
            73.8611742,
            18.5094562
          ],
          [
            73.8612021,
            18.509255
          ],
          [
            73.8612479,
            18.5089522
          ],
          [
            73.8612757,
            18.5088179
          ]
        ]
      }
    },
    {
      "type": "Feature",
      "id": "way/217773604",
      "properties": {
        "name": "Barrister Gadgil Street",
        "highway": "residential"
      },
      "geometry": {
        "type": "LineString",
        "coordinates": [
          [
            73.8474021,
            18.5124798
          ],
          [
            73.8485768,
            18.5126036
          ],
          [
            73.8502778,
            18.5128117
          ],
          [
            73.8524656,
            18.5130635
          ]
        ]
      }
    },
    {
      "type": "Feature",
      "id": "way/217773623",
      "properties": {
        "name": "Vedacharya Phatak Guruji Marg",
        "highway": "residential"
      },
      "geometry": {
        "type": "LineString",
        "coordinates": [
          [
            73.8474539,
            18.5120672
          ],
          [
            73.8486293,
            18.5121778
          ],
          [
            73.8495417,
            18.5122877
          ],
          [
            73.8501961,
            18.5123577
          ]
        ]
      }
    },
    {
      "type": "Feature",
      "id": "way/217773635",
      "properties": {
        "highway": "residential"
      },
      "geometry": {
        "type": "LineString",
        "coordinates": [
          [
            73.8508148,
            18.5104088
          ],
          [
            73.8512261,
            18.5104537
          ],
          [
            73.8522823,
            18.510569
          ]
        ]
      }
    },
    {
      "type": "Feature",
      "id": "way/217773652",
      "properties": {
        "name": "Raja Thakur Path",
        "highway": "residential"
      },
      "geometry": {
        "type": "LineString",
        "coordinates": [
          [
            73.8538303,
            18.5183575
          ],
          [
            73.8534809,
            18.5183664
          ],
          [
            73.8532947,
            18.51836
          ],
          [
            73.8531414,
            18.5183691
          ],
          [
            73.852976,
            18.5183885
          ],
          [
            73.8526525,
            18.5184259
          ],
          [
            73.8523851,
            18.5184744
          ],
          [
            73.8523355,
            18.5184858
          ],
          [
            73.852321,
            18.5184604
          ],
          [
            73.8523052,
            18.5184209
          ],
          [
            73.8522667,
            18.5182799
          ],
          [
            73.8522182,
            18.5179627
          ],
          [
            73.8522201,
            18.5175485
          ]
        ]
      }
    },
    {
      "type": "Feature",
      "id": "way/217773653",
      "properties": {
        "name": "Tulshibaug Path",
        "highway": "residential"
      },
      "geometry": {
        "type": "LineString",
        "coordinates": [
          [
            73.8538452,
            18.5133364
          ],
          [
            73.8541842,
            18.5133438
          ],
          [
            73.8546877,
            18.5133548
          ],
          [
            73.8547955,
            18.5133811
          ],
          [
            73.8548749,
            18.5134089
          ],
          [
            73.85508,
            18.5134161
          ],
          [
            73.8558435,
            18.5134482
          ],
          [
            73.8561906,
            18.5134896
          ],
          [
            73.8562566,
            18.5134925
          ],
          [
            73.8573103,
            18.5135106
          ]
        ]
      }
    },
    {
      "type": "Feature",
      "id": "way/218059565",
      "properties": {
        "name": "Namdeo Raut Path",
        "highway": "residential"
      },
      "geometry": {
        "type": "LineString",
        "coordinates": [
          [
            73.8516258,
            18.5188772
          ],
          [
            73.8516427,
            18.518972
          ],
          [
            73.8516996,
            18.5191249
          ],
          [
            73.8517696,
            18.5192595
          ],
          [
            73.8518232,
            18.5193298
          ],
          [
            73.8519058,
            18.5194629
          ],
          [
            73.8520545,
            18.5194588
          ]
        ]
      }
    },
    {
      "type": "Feature",
      "id": "way/218059583",
      "properties": {
        "highway": "residential"
      },
      "geometry": {
        "type": "LineString",
        "coordinates": [
          [
            73.8570956,
            18.5218131
          ],
          [
            73.8570758,
            18.5221571
          ]
        ]
      }
    },
    {
      "type": "Feature",
      "id": "way/218059586",
      "properties": {
        "highway": "residential"
      },
      "geometry": {
        "type": "LineString",
        "coordinates": [
          [
            73.8562992,
            18.5147235
          ],
          [
            73.856596,
            18.51479
          ]
        ]
      }
    },
    {
      "type": "Feature",
      "id": "way/218059588",
      "properties": {
        "highway": "residential"
      },
      "geometry": {
        "type": "LineString",
        "coordinates": [
          [
            73.8574776,
            18.5213426
          ],
          [
            73.8574898,
            18.5218312
          ]
        ]
      }
    },
    {
      "type": "Feature",
      "id": "way/218059593",
      "properties": {
        "highway": "footway"
      },
      "geometry": {
        "type": "LineString",
        "coordinates": [
          [
            73.8553846,
            18.5203419
          ],
          [
            73.8555288,
            18.5207438
          ]
        ]
      }
    },
    {
      "type": "Feature",
      "id": "way/218059600",
      "properties": {
        "highway": "footway"
      },
      "geometry": {
        "type": "LineString",
        "coordinates": [
          [
            73.8552493,
            18.5203429
          ],
          [
            73.8551266,
            18.520724
          ]
        ]
      }
    },
    {
      "type": "Feature",
      "id": "way/218059603",
      "properties": {
        "highway": "living_street"
      },
      "geometry": {
        "type": "LineString",
        "coordinates": [
          [
            73.8612526,
            18.5197367
          ],
          [
            73.8606184,
            18.51989
          ],
          [
            73.8604463,
            18.5199225
          ],
          [
            73.860278,
            18.519943
          ],
          [
            73.8601304,
            18.5200081
          ],
          [
            73.8600746,
            18.5200215
          ],
          [
            73.8598195,
            18.5200832
          ]
        ]
      }
    },
    {
      "type": "Feature",
      "id": "way/218059607",
      "properties": {
        "highway": "residential"
      },
      "geometry": {
        "type": "LineString",
        "coordinates": [
          [
            73.8589858,
            18.5216504
          ],
          [
            73.8593232,
            18.5216219
          ],
          [
            73.8596992,
            18.5216063
          ],
          [
            73.8599787,
            18.5216262
          ]
        ]
      }
    },
    {
      "type": "Feature",
      "id": "way/218059612",
      "properties": {
        "highway": "residential"
      },
      "geometry": {
        "type": "LineString",
        "coordinates": [
          [
            73.8565451,
            18.5191744
          ],
          [
            73.8565147,
            18.519727
          ],
          [
            73.8562177,
            18.5197262
          ],
          [
            73.8561483,
            18.5197231
          ]
        ]
      }
    },
    {
      "type": "Feature",
      "id": "way/218059613",
      "properties": {
        "highway": "residential"
      },
      "geometry": {
        "type": "LineString",
        "coordinates": [
          [
            73.8575591,
            18.5202886
          ],
          [
            73.8573988,
            18.5203097
          ],
          [
            73.8573619,
            18.5203384
          ],
          [
            73.857342,
            18.5203886
          ],
          [
            73.8573302,
            18.5206473
          ]
        ]
      }
    },
    {
      "type": "Feature",
      "id": "way/218059617",
      "properties": {
        "highway": "residential"
      },
      "geometry": {
        "type": "LineString",
        "coordinates": [
          [
            73.8598722,
            18.5202626
          ],
          [
            73.8593306,
            18.5203898
          ],
          [
            73.859281,
            18.5204164
          ],
          [
            73.8592554,
            18.5204537
          ],
          [
            73.8592592,
            18.5205087
          ],
          [
            73.8593232,
            18.5216219
          ]
        ]
      }
    },
    {
      "type": "Feature",
      "id": "way/218059621",
      "properties": {
        "highway": "residential"
      },
      "geometry": {
        "type": "LineString",
        "coordinates": [
          [
            73.8613128,
            18.5205967
          ],
          [
            73.8612813,
            18.5204885
          ],
          [
            73.8612576,
            18.5203378
          ],
          [
            73.8612552,
            18.5201718
          ],
          [
            73.8612526,
            18.5197367
          ],
          [
            73.8613017,
            18.5191654
          ]
        ]
      }
    },
    {
      "type": "Feature",
      "id": "way/218059623",
      "properties": {
        "highway": "service"
      },
      "geometry": {
        "type": "LineString",
        "coordinates": [
          [
            73.8546077,
            18.5202924
          ],
          [
            73.8546449,
            18.5202333
          ],
          [
            73.8546513,
            18.5202232
          ],
          [
            73.8547163,
            18.5201808
          ],
          [
            73.8551649,
            18.520188
          ]
        ]
      }
    },
    {
      "type": "Feature",
      "id": "way/218881242",
      "properties": {
        "highway": "residential"
      },
      "geometry": {
        "type": "LineString",
        "coordinates": [
          [
            73.8579056,
            18.511569
          ],
          [
            73.8579941,
            18.5115592
          ],
          [
            73.8582907,
            18.5115264
          ],
          [
            73.8586318,
            18.5114887
          ]
        ]
      }
    },
    {
      "type": "Feature",
      "id": "way/218881250",
      "properties": {
        "highway": "tertiary"
      },
      "geometry": {
        "type": "LineString",
        "coordinates": [
          [
            73.8596498,
            18.5190235
          ],
          [
            73.8594269,
            18.5187024
          ]
        ]
      }
    },
    {
      "type": "Feature",
      "id": "way/218881267",
      "properties": {
        "highway": "living_street"
      },
      "geometry": {
        "type": "LineString",
        "coordinates": [
          [
            73.8600083,
            18.520891
          ],
          [
            73.860332,
            18.5208596
          ],
          [
            73.8603812,
            18.5208591
          ],
          [
            73.8606427,
            18.5208566
          ]
        ]
      }
    },
    {
      "type": "Feature",
      "id": "way/218881271",
      "properties": {
        "highway": "residential"
      },
      "geometry": {
        "type": "LineString",
        "coordinates": [
          [
            73.8629039,
            18.5118691
          ],
          [
            73.8627028,
            18.5118522
          ],
          [
            73.8623183,
            18.511832
          ],
          [
            73.8621003,
            18.5118111
          ],
          [
            73.861958,
            18.5117841
          ]
        ]
      }
    },
    {
      "type": "Feature",
      "id": "way/219767487",
      "properties": {
        "name": "Maulana Abul Kalam Azad Path",
        "highway": "residential"
      },
      "geometry": {
        "type": "LineString",
        "coordinates": [
          [
            73.8599443,
            18.5160215
          ],
          [
            73.859938,
            18.5155225
          ],
          [
            73.8599717,
            18.5151592
          ],
          [
            73.8599876,
            18.5149691
          ],
          [
            73.8600313,
            18.5147489
          ],
          [
            73.860073,
            18.5142576
          ],
          [
            73.8600955,
            18.5141558
          ],
          [
            73.8601768,
            18.513788
          ],
          [
            73.8602358,
            18.5135781
          ],
          [
            73.8602715,
            18.5134049
          ],
          [
            73.8603116,
            18.5131098
          ]
        ]
      }
    },
    {
      "type": "Feature",
      "id": "way/219798475",
      "properties": {
        "name": "Appasaheb Bhagwat Path",
        "highway": "tertiary"
      },
      "geometry": {
        "type": "LineString",
        "coordinates": [
          [
            73.8500667,
            18.5179823
          ],
          [
            73.850091,
            18.5178758
          ],
          [
            73.8501205,
            18.5171591
          ],
          [
            73.8500964,
            18.5170727
          ],
          [
            73.8500562,
            18.5170142
          ],
          [
            73.8500106,
            18.516938
          ],
          [
            73.8499811,
            18.5168618
          ],
          [
            73.8499731,
            18.5167576
          ],
          [
            73.8499677,
            18.5166229
          ],
          [
            73.8499846,
            18.5164029
          ],
          [
            73.8499999,
            18.5162086
          ],
          [
            73.8500133,
            18.5159621
          ],
          [
            73.8500519,
            18.515373
          ],
          [
            73.8500669,
            18.5149554
          ],
          [
            73.8501151,
            18.5141854
          ]
        ]
      }
    },
    {
      "type": "Feature",
      "id": "way/219798488",
      "properties": {
        "name": "Namdeo Raut Path",
        "highway": "residential"
      },
      "geometry": {
        "type": "LineString",
        "coordinates": [
          [
            73.850117,
            18.51811
          ],
          [
            73.850231,
            18.5181889
          ],
          [
            73.8503977,
            18.5182931
          ],
          [
            73.850574,
            18.5183956
          ],
          [
            73.8507919,
            18.5185124
          ],
          [
            73.8509893,
            18.5185987
          ],
          [
            73.8513519,
            18.5187574
          ],
          [
            73.8516258,
            18.5188772
          ]
        ]
      }
    },
    {
      "type": "Feature",
      "id": "way/219798492",
      "properties": {
        "name": "Shinde Paar Chowk",
        "highway": "tertiary"
      },
      "geometry": {
        "type": "LineString",
        "coordinates": [
          [
            73.8499879,
            18.5180021
          ],
          [
            73.8499767,
            18.5180141
          ],
          [
            73.8499682,
            18.518028
          ],
          [
            73.8499627,
            18.5180432
          ],
          [
            73.8499605,
            18.5180591
          ],
          [
            73.8499615,
            18.5180752
          ],
          [
            73.8499659,
            18.5180907
          ],
          [
            73.8499733,
            18.5181052
          ],
          [
            73.8499836,
            18.5181179
          ],
          [
            73.8499963,
            18.5181286
          ],
          [
            73.8500109,
            18.5181366
          ],
          [
            73.850027,
            18.5181419
          ],
          [
            73.8500437,
            18.5181439
          ],
          [
            73.8500607,
            18.518143
          ],
          [
            73.8500771,
            18.5181389
          ],
          [
            73.8500923,
            18.5181318
          ],
          [
            73.8501058,
            18.5181221
          ],
          [
            73.850117,
            18.51811
          ],
          [
            73.8501255,
            18.5180961
          ],
          [
            73.850131,
            18.5180809
          ],
          [
            73.8501333,
            18.518065
          ],
          [
            73.8501322,
            18.5180489
          ],
          [
            73.8501279,
            18.5180334
          ],
          [
            73.8501204,
            18.518019
          ],
          [
            73.8501101,
            18.5180062
          ],
          [
            73.8500974,
            18.5179956
          ],
          [
            73.8500828,
            18.5179875
          ],
          [
            73.8500667,
            18.5179823
          ],
          [
            73.8500499,
            18.5179801
          ],
          [
            73.850033,
            18.5179811
          ],
          [
            73.8500166,
            18.5179853
          ],
          [
            73.8500014,
            18.5179923
          ],
          [
            73.8499879,
            18.5180021
          ]
        ]
      }
    },
    {
      "type": "Feature",
      "id": "way/220562866",
      "properties": {
        "name": "Bhutkar Houd Marg",
        "highway": "tertiary"
      },
      "geometry": {
        "type": "LineString",
        "coordinates": [
          [
            73.8580115,
            18.5158481
          ],
          [
            73.8580361,
            18.515574
          ],
          [
            73.8580835,
            18.5151392
          ],
          [
            73.8581622,
            18.5146226
          ],
          [
            73.8581715,
            18.514552
          ],
          [
            73.858218,
            18.5142007
          ],
          [
            73.858272,
            18.5139318
          ],
          [
            73.8582868,
            18.5138489
          ],
          [
            73.8582949,
            18.513804
          ],
          [
            73.8583156,
            18.513688
          ],
          [
            73.8583698,
            18.5133465
          ],
          [
            73.8584467,
            18.5130433
          ],
          [
            73.8584897,
            18.5128916
          ],
          [
            73.8584999,
            18.512797
          ],
          [
            73.8585031,
            18.5127671
          ]
        ]
      }
    },
    {
      "type": "Feature",
      "id": "way/220562867",
      "properties": {
        "name": "Bohri Ali",
        "highway": "tertiary"
      },
      "geometry": {
        "type": "LineString",
        "coordinates": [
          [
            73.8596197,
            18.5129182
          ],
          [
            73.8596143,
            18.5130041
          ],
          [
            73.8595358,
            18.5136421
          ],
          [
            73.8595279,
            18.5137395
          ],
          [
            73.8595178,
            18.5138562
          ],
          [
            73.8594802,
            18.5142919
          ],
          [
            73.8594191,
            18.5151313
          ],
          [
            73.8593988,
            18.5154099
          ],
          [
            73.8593904,
            18.5155244
          ],
          [
            73.8593936,
            18.5157052
          ],
          [
            73.8593601,
            18.5159957
          ]
        ]
      }
    },
    {
      "type": "Feature",
      "id": "way/220562870",
      "properties": {
        "name": "Vasudev Balvant Phadke Path",
        "highway": "tertiary"
      },
      "geometry": {
        "type": "LineString",
        "coordinates": [
          [
            73.8504648,
            18.5123781
          ],
          [
            73.850359,
            18.5124726
          ],
          [
            73.8503242,
            18.5125362
          ],
          [
            73.8502778,
            18.5128117
          ],
          [
            73.8502,
            18.5134548
          ]
        ]
      }
    },
    {
      "type": "Feature",
      "id": "way/220562873",
      "properties": {
        "highway": "tertiary"
      },
      "geometry": {
        "type": "LineString",
        "coordinates": [
          [
            73.8585031,
            18.5127671
          ],
          [
            73.8585086,
            18.5127058
          ],
          [
            73.8585276,
            18.5124924
          ],
          [
            73.8585364,
            18.5124188
          ],
          [
            73.8585542,
            18.5122689
          ],
          [
            73.8585841,
            18.5120197
          ],
          [
            73.8585948,
            18.5117953
          ],
          [
            73.8585992,
            18.511732
          ],
          [
            73.8586108,
            18.5115657
          ],
          [
            73.8586192,
            18.5115349
          ],
          [
            73.8586318,
            18.5114887
          ],
          [
            73.8587611,
            18.5112574
          ],
          [
            73.8588818,
            18.5110698
          ],
          [
            73.8589614,
            18.5109564
          ],
          [
            73.8589915,
            18.5109136
          ],
          [
            73.8590392,
            18.510818
          ],
          [
            73.8590576,
            18.5107811
          ],
          [
            73.8591247,
            18.5106011
          ],
          [
            73.8591525,
            18.5105172
          ]
        ]
      }
    },
    {
      "type": "Feature",
      "id": "way/220562875",
      "properties": {
        "highway": "residential"
      },
      "geometry": {
        "type": "LineString",
        "coordinates": [
          [
            73.8559738,
            18.5118822
          ],
          [
            73.8552083,
            18.5118375
          ]
        ]
      }
    },
    {
      "type": "Feature",
      "id": "way/220562877",
      "properties": {
        "name": "Vasantrao Limaye Path",
        "highway": "residential"
      },
      "geometry": {
        "type": "LineString",
        "coordinates": [
          [
            73.8506617,
            18.5117016
          ],
          [
            73.8521486,
            18.5118636
          ],
          [
            73.8538073,
            18.5118551
          ]
        ]
      }
    },
    {
      "type": "Feature",
      "id": "way/220562879",
      "properties": {
        "highway": "residential"
      },
      "geometry": {
        "type": "LineString",
        "coordinates": [
          [
            73.8568762,
            18.5124993
          ],
          [
            73.856874,
            18.5121592
          ],
          [
            73.8568611,
            18.51211
          ],
          [
            73.8567957,
            18.5120563
          ],
          [
            73.8565813,
            18.5119613
          ],
          [
            73.8564483,
            18.5119105
          ],
          [
            73.8559738,
            18.5118822
          ]
        ]
      }
    },
    {
      "type": "Feature",
      "id": "way/227095231",
      "properties": {
        "name": "Bajirao Road",
        "highway": "trunk"
      },
      "geometry": {
        "type": "LineString",
        "coordinates": [
          [
            73.8538452,
            18.5133364
          ],
          [
            73.8538184,
            18.5136736
          ]
        ]
      }
    },
    {
      "type": "Feature",
      "id": "way/227095232",
      "properties": {
        "name": "Bajirao Road",
        "highway": "trunk"
      },
      "geometry": {
        "type": "LineString",
        "coordinates": [
          [
            73.8538184,
            18.5136736
          ],
          [
            73.8537862,
            18.5140175
          ],
          [
            73.8537421,
            18.5145251
          ]
        ]
      }
    },
    {
      "type": "Feature",
      "id": "way/227095242",
      "properties": {
        "name": "Vasudev Balvant Phadke Path",
        "highway": "tertiary"
      },
      "geometry": {
        "type": "LineString",
        "coordinates": [
          [
            73.8511666,
            18.5073063
          ],
          [
            73.8511531,
            18.5076116
          ],
          [
            73.8510928,
            18.5082955
          ],
          [
            73.8509811,
            18.5091654
          ],
          [
            73.850921,
            18.5096335
          ],
          [
            73.8508977,
            18.5098147
          ],
          [
            73.8508615,
            18.5100971
          ],
          [
            73.8508148,
            18.5104088
          ],
          [
            73.8507974,
            18.5105609
          ],
          [
            73.8507611,
            18.5108791
          ],
          [
            73.8507503,
            18.5109757
          ],
          [
            73.850744,
            18.511033
          ],
          [
            73.8506617,
            18.5117016
          ]
        ]
      }
    },
    {
      "type": "Feature",
      "id": "way/227095254",
      "properties": {
        "highway": "service"
      },
      "geometry": {
        "type": "LineString",
        "coordinates": [
          [
            73.8531837,
            18.5128727
          ],
          [
            73.853172,
            18.5127785
          ],
          [
            73.8531639,
            18.5126999
          ],
          [
            73.8531485,
            18.5125659
          ],
          [
            73.8531359,
            18.5123365
          ]
        ]
      }
    },
    {
      "type": "Feature",
      "id": "way/232745955",
      "properties": {
        "name": "Haribhau More Path",
        "highway": "residential"
      },
      "geometry": {
        "type": "LineString",
        "coordinates": [
          [
            73.8564381,
            18.5112855
          ],
          [
            73.8564483,
            18.5119105
          ]
        ]
      }
    },
    {
      "type": "Feature",
      "id": "way/232745956",
      "properties": {
        "highway": "tertiary"
      },
      "geometry": {
        "type": "LineString",
        "coordinates": [
          [
            73.8562542,
            18.516866
          ],
          [
            73.8563265,
            18.5168702
          ],
          [
            73.8564318,
            18.5168761
          ],
          [
            73.856845,
            18.5168867
          ],
          [
            73.8580228,
            18.5168982
          ],
          [
            73.8580448,
            18.5169
          ]
        ]
      }
    },
    {
      "type": "Feature",
      "id": "way/232745959",
      "properties": {
        "name": "Someshwar Path",
        "highway": "residential"
      },
      "geometry": {
        "type": "LineString",
        "coordinates": [
          [
            73.8601768,
            18.513788
          ],
          [
            73.860407,
            18.513788
          ],
          [
            73.8605049,
            18.5137648
          ],
          [
            73.8612272,
            18.513507
          ],
          [
            73.8613376,
            18.5134446
          ],
          [
            73.8613736,
            18.5134164
          ],
          [
            73.8613989,
            18.5133619
          ],
          [
            73.8614253,
            18.5131641
          ]
        ]
      }
    },
    {
      "type": "Feature",
      "id": "way/232745962",
      "properties": {
        "name": "Vedacharya Phatak Guruji Marg",
        "highway": "residential"
      },
      "geometry": {
        "type": "LineString",
        "coordinates": [
          [
            73.8538452,
            18.5133364
          ],
          [
            73.8537179,
            18.5131871
          ],
          [
            73.8535974,
            18.5130849
          ],
          [
            73.8531837,
            18.5128727
          ]
        ]
      }
    },
    {
      "type": "Feature",
      "id": "way/232745963",
      "properties": {
        "name": "Vedacharya Phatak Guruji Marg",
        "highway": "residential"
      },
      "geometry": {
        "type": "LineString",
        "coordinates": [
          [
            73.8538396,
            18.5130271
          ],
          [
            73.8537648,
            18.5130522
          ],
          [
            73.8537023,
            18.5130682
          ],
          [
            73.8535974,
            18.5130849
          ]
        ]
      }
    },
    {
      "type": "Feature",
      "id": "way/232879054",
      "properties": {
        "name": "Moreshwar Chintaman Chandrachud Path",
        "highway": "residential"
      },
      "geometry": {
        "type": "LineString",
        "coordinates": [
          [
            73.8539535,
            18.5112447
          ],
          [
            73.8551405,
            18.5112627
          ]
        ]
      }
    },
    {
      "type": "Feature",
      "id": "way/232879056",
      "properties": {
        "name": "Shankarrao Vaidya Path",
        "highway": "residential"
      },
      "geometry": {
        "type": "LineString",
        "coordinates": [
          [
            73.8521874,
            18.5112161
          ],
          [
            73.8522708,
            18.5112158
          ],
          [
            73.8523486,
            18.5112233
          ],
          [
            73.8526046,
            18.5112331
          ],
          [
            73.8529504,
            18.5112509
          ],
          [
            73.8536246,
            18.5112439
          ]
        ]
      }
    },
    {
      "type": "Feature",
      "id": "way/232879077",
      "properties": {
        "name": "Bharat Itihas Sanshodhak Mandal Path",
        "highway": "residential"
      },
      "geometry": {
        "type": "LineString",
        "coordinates": [
          [
            73.8477379,
            18.5103685
          ],
          [
            73.8477135,
            18.5105564
          ],
          [
            73.8477392,
            18.5106189
          ],
          [
            73.847815,
            18.5106521
          ],
          [
            73.8487998,
            18.5107716
          ],
          [
            73.8492736,
            18.5108425
          ],
          [
            73.8496067,
            18.5108929
          ],
          [
            73.850122,
            18.510952
          ],
          [
            73.8503591,
            18.5109792
          ],
          [
            73.850744,
            18.511033
          ]
        ]
      }
    },
    {
      "type": "Feature",
      "id": "way/232879081",
      "properties": {
        "highway": "residential"
      },
      "geometry": {
        "type": "LineString",
        "coordinates": [
          [
            73.8551405,
            18.5112627
          ],
          [
            73.8553499,
            18.5112674
          ],
          [
            73.8559865,
            18.5112826
          ],
          [
            73.8564381,
            18.5112855
          ],
          [
            73.8572295,
            18.5112907
          ]
        ]
      }
    },
    {
      "type": "Feature",
      "id": "way/233735598",
      "properties": {
        "name": "Marhum Ishak Kagdi Path",
        "highway": "residential"
      },
      "geometry": {
        "type": "LineString",
        "coordinates": [
          [
            73.8595358,
            18.5136421
          ],
          [
            73.8593988,
            18.5136342
          ],
          [
            73.8593782,
            18.5136256
          ],
          [
            73.8593651,
            18.513611
          ],
          [
            73.8593573,
            18.513541
          ],
          [
            73.859344,
            18.5135196
          ],
          [
            73.8593158,
            18.5135134
          ],
          [
            73.8588709,
            18.5135277
          ]
        ]
      }
    },
    {
      "type": "Feature",
      "id": "way/238567511",
      "properties": {
        "name": "Jayantarao Tilak Bridge",
        "highway": "tertiary"
      },
      "geometry": {
        "type": "LineString",
        "coordinates": [
          [
            73.8532268,
            18.5224899
          ],
          [
            73.853518,
            18.5211415
          ]
        ]
      }
    },
    {
      "type": "Feature",
      "id": "way/238567531",
      "properties": {
        "name": "Niranjav Madhav Marg",
        "highway": "tertiary"
      },
      "geometry": {
        "type": "LineString",
        "coordinates": [
          [
            73.8538256,
            18.5204329
          ],
          [
            73.8539074,
            18.5204177
          ],
          [
            73.8540019,
            18.5204094
          ],
          [
            73.8540661,
            18.5204068
          ],
          [
            73.854141,
            18.5204085
          ],
          [
            73.8542276,
            18.5204185
          ],
          [
            73.854315,
            18.5204236
          ],
          [
            73.8543879,
            18.520423
          ],
          [
            73.8544415,
            18.5203959
          ],
          [
            73.8544812,
            18.5203616
          ],
          [
            73.8544988,
            18.5203152
          ],
          [
            73.8545318,
            18.520228
          ]
        ]
      }
    },
    {
      "type": "Feature",
      "id": "way/238567539",
      "properties": {
        "highway": "tertiary"
      },
      "geometry": {
        "type": "LineString",
        "coordinates": [
          [
            73.8535185,
            18.5210414
          ],
          [
            73.8534616,
            18.5210429
          ]
        ]
      }
    },
    {
      "type": "Feature",
      "id": "way/238567541",
      "properties": {
        "highway": "tertiary"
      },
      "geometry": {
        "type": "LineString",
        "coordinates": [
          [
            73.853518,
            18.5211415
          ],
          [
            73.8535261,
            18.521108
          ],
          [
            73.8535299,
            18.5210867
          ],
          [
            73.8535286,
            18.5210627
          ],
          [
            73.8535185,
            18.5210414
          ]
        ]
      }
    },
    {
      "type": "Feature",
      "id": "way/243921292",
      "properties": {
        "highway": "tertiary"
      },
      "geometry": {
        "type": "LineString",
        "coordinates": [
          [
            73.8580448,
            18.5169
          ],
          [
            73.858076,
            18.5168603
          ],
          [
            73.8583004,
            18.5168609
          ],
          [
            73.8583374,
            18.5168952
          ]
        ]
      }
    },
    {
      "type": "Feature",
      "id": "way/243921294",
      "properties": {
        "highway": "tertiary"
      },
      "geometry": {
        "type": "LineString",
        "coordinates": [
          [
            73.8580448,
            18.5169
          ],
          [
            73.8580631,
            18.5169311
          ],
          [
            73.8580763,
            18.5169392
          ],
          [
            73.8582989,
            18.5169267
          ],
          [
            73.8583374,
            18.5168952
          ]
        ]
      }
    },
    {
      "type": "Feature",
      "id": "way/243921295",
      "properties": {
        "highway": "tertiary"
      },
      "geometry": {
        "type": "LineString",
        "coordinates": [
          [
            73.8583374,
            18.5168952
          ],
          [
            73.8585679,
            18.5169023
          ],
          [
            73.8588393,
            18.5169106
          ],
          [
            73.859045,
            18.5169168
          ],
          [
            73.8593818,
            18.5169271
          ]
        ]
      }
    },
    {
      "type": "Feature",
      "id": "way/248254619",
      "properties": {
        "name": "Shamsing Pardeshi Marg",
        "highway": "residential"
      },
      "geometry": {
        "type": "LineString",
        "coordinates": [
          [
            73.8548431,
            18.516735
          ],
          [
            73.8548139,
            18.5168355
          ],
          [
            73.8548027,
            18.5169526
          ],
          [
            73.8548279,
            18.517155
          ],
          [
            73.8548981,
            18.5172979
          ],
          [
            73.8549599,
            18.5173839
          ],
          [
            73.855016,
            18.5174877
          ],
          [
            73.8551461,
            18.5177283
          ]
        ]
      }
    },
    {
      "type": "Feature",
      "id": "way/248446108",
      "properties": {
        "highway": "residential"
      },
      "geometry": {
        "type": "LineString",
        "coordinates": [
          [
            73.8614489,
            18.5151489
          ],
          [
            73.8607287,
            18.5150912
          ],
          [
            73.860432,
            18.5150677
          ],
          [
            73.8603188,
            18.5150884
          ],
          [
            73.8602305,
            18.5151119
          ],
          [
            73.8599717,
            18.5151592
          ]
        ]
      }
    },
    {
      "type": "Feature",
      "id": "way/251445163",
      "properties": {
        "highway": "residential"
      },
      "geometry": {
        "type": "LineString",
        "coordinates": [
          [
            73.8563908,
            18.5217146
          ],
          [
            73.8564001,
            18.5211747
          ]
        ]
      }
    },
    {
      "type": "Feature",
      "id": "way/257900998",
      "properties": {
        "highway": "residential"
      },
      "geometry": {
        "type": "LineString",
        "coordinates": [
          [
            73.8544812,
            18.5203616
          ],
          [
            73.8546815,
            18.5204737
          ],
          [
            73.8548913,
            18.520704
          ],
          [
            73.8550055,
            18.5208417
          ],
          [
            73.8550666,
            18.5209653
          ],
          [
            73.8551052,
            18.5211159
          ],
          [
            73.8550902,
            18.5212277
          ],
          [
            73.8550301,
            18.521419
          ]
        ]
      }
    },
    {
      "type": "Feature",
      "id": "way/264444886",
      "properties": {
        "highway": "footway"
      },
      "geometry": {
        "type": "LineString",
        "coordinates": [
          [
            73.8555619,
            18.5164917
          ],
          [
            73.8555633,
            18.5164311
          ],
          [
            73.8555653,
            18.5163502
          ],
          [
            73.8556197,
            18.5163514
          ],
          [
            73.8559582,
            18.5163586
          ],
          [
            73.8559601,
            18.5162791
          ],
          [
            73.8560197,
            18.5162804
          ],
          [
            73.8562107,
            18.5162845
          ],
          [
            73.8562603,
            18.5162856
          ]
        ]
      }
    },
    {
      "type": "Feature",
      "id": "way/264444887",
      "properties": {
        "highway": "residential"
      },
      "geometry": {
        "type": "LineString",
        "coordinates": [
          [
            73.8513531,
            18.5195476
          ],
          [
            73.8513519,
            18.5187574
          ]
        ]
      }
    },
    {
      "type": "Feature",
      "id": "way/264444888",
      "properties": {
        "highway": "residential"
      },
      "geometry": {
        "type": "LineString",
        "coordinates": [
          [
            73.8534745,
            18.5190909
          ],
          [
            73.8538421,
            18.5190815
          ]
        ]
      }
    },
    {
      "type": "Feature",
      "id": "way/264444893",
      "properties": {
        "name": "Tambe Bol",
        "highway": "residential"
      },
      "geometry": {
        "type": "LineString",
        "coordinates": [
          [
            73.8508329,
            18.5198487
          ],
          [
            73.8508345,
            18.5196918
          ],
          [
            73.8508288,
            18.5196717
          ],
          [
            73.850813,
            18.5196541
          ],
          [
            73.8507917,
            18.5196466
          ],
          [
            73.8507374,
            18.5196333
          ],
          [
            73.8506573,
            18.5196178
          ],
          [
            73.8504121,
            18.5195752
          ],
          [
            73.8501901,
            18.5195303
          ],
          [
            73.850085,
            18.5194998
          ]
        ]
      }
    },
    {
      "type": "Feature",
      "id": "way/264444894",
      "properties": {
        "highway": "residential"
      },
      "geometry": {
        "type": "LineString",
        "coordinates": [
          [
            73.8520058,
            18.5154783
          ],
          [
            73.8520264,
            18.5152062
          ],
          [
            73.8520379,
            18.515045
          ]
        ]
      }
    },
    {
      "type": "Feature",
      "id": "way/264444895",
      "properties": {
        "highway": "residential"
      },
      "geometry": {
        "type": "LineString",
        "coordinates": [
          [
            73.8545011,
            18.5159315
          ],
          [
            73.8544708,
            18.516261
          ]
        ]
      }
    },
    {
      "type": "Feature",
      "id": "way/264444896",
      "properties": {
        "highway": "residential"
      },
      "geometry": {
        "type": "LineString",
        "coordinates": [
          [
            73.849861,
            18.5186916
          ],
          [
            73.8503887,
            18.518844
          ]
        ]
      }
    },
    {
      "type": "Feature",
      "id": "way/264444899",
      "properties": {
        "highway": "residential"
      },
      "geometry": {
        "type": "LineString",
        "coordinates": [
          [
            73.8544708,
            18.516261
          ],
          [
            73.8549218,
            18.5162684
          ]
        ]
      }
    },
    {
      "type": "Feature",
      "id": "way/264444900",
      "properties": {
        "highway": "residential"
      },
      "geometry": {
        "type": "LineString",
        "coordinates": [
          [
            73.8543879,
            18.520423
          ],
          [
            73.8543405,
            18.5206866
          ],
          [
            73.8540619,
            18.5212594
          ]
        ]
      }
    },
    {
      "type": "Feature",
      "id": "way/264444902",
      "properties": {
        "highway": "residential"
      },
      "geometry": {
        "type": "LineString",
        "coordinates": [
          [
            73.8546815,
            18.5204737
          ],
          [
            73.854661,
            18.520576
          ],
          [
            73.8546431,
            18.520711
          ],
          [
            73.8546401,
            18.5209642
          ]
        ]
      }
    },
    {
      "type": "Feature",
      "id": "way/264444903",
      "properties": {
        "highway": "residential"
      },
      "geometry": {
        "type": "LineString",
        "coordinates": [
          [
            73.8529908,
            18.520079
          ],
          [
            73.8529912,
            18.5198487
          ],
          [
            73.8530052,
            18.5194107
          ]
        ]
      }
    },
    {
      "type": "Feature",
      "id": "way/264444906",
      "properties": {
        "highway": "residential"
      },
      "geometry": {
        "type": "LineString",
        "coordinates": [
          [
            73.8529912,
            18.5198487
          ],
          [
            73.8533824,
            18.519842
          ],
          [
            73.8535065,
            18.5198333
          ],
          [
            73.8536274,
            18.5198357
          ],
          [
            73.8537434,
            18.5198357
          ],
          [
            73.853828,
            18.5198386
          ]
        ]
      }
    },
    {
      "type": "Feature",
      "id": "way/264444907",
      "properties": {
        "name": "Niranjav Madhav Marg",
        "highway": "residential"
      },
      "geometry": {
        "type": "LineString",
        "coordinates": [
          [
            73.8517269,
            18.5207981
          ],
          [
            73.8518266,
            18.5203051
          ],
          [
            73.8518359,
            18.5202158
          ],
          [
            73.8518485,
            18.5200942
          ],
          [
            73.8518834,
            18.5198542
          ],
          [
            73.8518996,
            18.5198037
          ],
          [
            73.8519396,
            18.5197736
          ],
          [
            73.8520595,
            18.5197582
          ]
        ]
      }
    },
    {
      "type": "Feature",
      "id": "way/280784420",
      "properties": {
        "highway": "residential"
      },
      "geometry": {
        "type": "LineString",
        "coordinates": [
          [
            73.8562267,
            18.5143819
          ],
          [
            73.8562533,
            18.5143275
          ],
          [
            73.8562566,
            18.5134925
          ]
        ]
      }
    },
    {
      "type": "Feature",
      "id": "way/280784421",
      "properties": {
        "highway": "residential"
      },
      "geometry": {
        "type": "LineString",
        "coordinates": [
          [
            73.8548981,
            18.5172979
          ],
          [
            73.854633,
            18.5173951
          ],
          [
            73.8545616,
            18.5174213
          ],
          [
            73.854543,
            18.5174341
          ],
          [
            73.8545286,
            18.5174509
          ],
          [
            73.8545107,
            18.5176054
          ],
          [
            73.8545257,
            18.5176572
          ],
          [
            73.854572,
            18.5176931
          ],
          [
            73.8546519,
            18.5177315
          ],
          [
            73.8549496,
            18.5178747
          ]
        ]
      }
    },
    {
      "type": "Feature",
      "id": "way/280784422",
      "properties": {
        "highway": "residential"
      },
      "geometry": {
        "type": "LineString",
        "coordinates": [
          [
            73.8561906,
            18.5134896
          ],
          [
            73.8561939,
            18.5143253
          ],
          [
            73.8562267,
            18.5143819
          ]
        ]
      }
    },
    {
      "type": "Feature",
      "id": "way/281844145",
      "properties": {
        "highway": "residential"
      },
      "geometry": {
        "type": "LineString",
        "coordinates": [
          [
            73.8504121,
            18.5195752
          ],
          [
            73.8504421,
            18.5193237
          ],
          [
            73.8504516,
            18.5193048
          ],
          [
            73.8504685,
            18.5192951
          ],
          [
            73.8504886,
            18.5192923
          ],
          [
            73.8507068,
            18.5193085
          ],
          [
            73.8507412,
            18.5193261
          ],
          [
            73.8507551,
            18.5193545
          ],
          [
            73.85076,
            18.5193921
          ],
          [
            73.8507374,
            18.5196333
          ]
        ]
      }
    },
    {
      "type": "Feature",
      "id": "way/282054960",
      "properties": {
        "highway": "trunk_link"
      },
      "geometry": {
        "type": "LineString",
        "coordinates": [
          [
            73.8553642,
            18.5211739
          ],
          [
            73.855351,
            18.5211469
          ],
          [
            73.8553296,
            18.5211282
          ],
          [
            73.8553059,
            18.5211142
          ],
          [
            73.8552856,
            18.5211081
          ],
          [
            73.8552585,
            18.5211074
          ],
          [
            73.8552361,
            18.5211142
          ],
          [
            73.8552092,
            18.5211268
          ]
        ]
      }
    },
    {
      "type": "Feature",
      "id": "way/282102096",
      "properties": {
        "highway": "residential"
      },
      "geometry": {
        "type": "LineString",
        "coordinates": [
          [
            73.8619145,
            18.5218301
          ],
          [
            73.8619133,
            18.5217126
          ],
          [
            73.8619151,
            18.521453
          ],
          [
            73.8619158,
            18.5213288
          ]
        ]
      }
    },
    {
      "type": "Feature",
      "id": "way/282484391",
      "properties": {
        "name": "Appa Balwant Chowk (Hujurpaga)",
        "highway": "platform"
      },
      "geometry": {
        "type": "LineString",
        "coordinates": [
          [
            73.8536927,
            18.5149185
          ],
          [
            73.8536944,
            18.5148588
          ]
        ]
      }
    },
    {
      "type": "Feature",
      "id": "way/282484394",
      "properties": {
        "name": "Bajirao Road",
        "highway": "trunk"
      },
      "geometry": {
        "type": "LineString",
        "coordinates": [
          [
            73.8537421,
            18.5145251
          ],
          [
            73.8537471,
            18.5148942
          ],
          [
            73.8537636,
            18.5153792
          ],
          [
            73.8537582,
            18.5155709
          ],
          [
            73.8537593,
            18.5156381
          ],
          [
            73.8538073,
            18.5160389
          ],
          [
            73.8538574,
            18.5164569
          ]
        ]
      }
    },
    {
      "type": "Feature",
      "id": "way/282484395",
      "properties": {
        "name": "Bajirao Road",
        "highway": "trunk"
      },
      "geometry": {
        "type": "LineString",
        "coordinates": [
          [
            73.8547714,
            18.5204263
          ],
          [
            73.8549974,
            18.520645
          ],
          [
            73.8550839,
            18.5207435
          ],
          [
            73.8551201,
            18.5208014
          ],
          [
            73.8551804,
            18.5209285
          ],
          [
            73.8551881,
            18.5209776
          ],
          [
            73.8551999,
            18.5210526
          ],
          [
            73.8552092,
            18.5211268
          ],
          [
            73.8551965,
            18.5212134
          ],
          [
            73.8551778,
            18.5212931
          ],
          [
            73.8551021,
            18.5214938
          ]
        ]
      }
    },
    {
      "type": "Feature",
      "id": "way/282484396",
      "properties": {
        "name": "City Post",
        "highway": "platform"
      },
      "geometry": {
        "type": "LineString",
        "coordinates": [
          [
            73.8566133,
            18.5156423
          ],
          [
            73.8567188,
            18.5156544
          ]
        ]
      }
    },
    {
      "type": "Feature",
      "id": "way/282484399",
      "properties": {
        "name": "Commonwealth",
        "highway": "platform"
      },
      "geometry": {
        "type": "LineString",
        "coordinates": [
          [
            73.8515904,
            18.5143184
          ],
          [
            73.851641,
            18.5143258
          ]
        ]
      }
    },
    {
      "type": "Feature",
      "id": "way/282484405",
      "properties": {
        "name": "Ganesh Path",
        "highway": "tertiary"
      },
      "geometry": {
        "type": "LineString",
        "coordinates": [
          [
            73.8615122,
            18.5191977
          ],
          [
            73.8616889,
            18.5192466
          ],
          [
            73.8619827,
            18.5193238
          ],
          [
            73.8621452,
            18.5194083
          ]
        ]
      }
    },
    {
      "type": "Feature",
      "id": "way/282484408",
      "properties": {
        "name": "Guru Nanak Path",
        "highway": "tertiary"
      },
      "geometry": {
        "type": "LineString",
        "coordinates": [
          [
            73.8615122,
            18.5191977
          ],
          [
            73.8615585,
            18.5189373
          ],
          [
            73.861587,
            18.5187772
          ],
          [
            73.8616294,
            18.5184323
          ],
          [
            73.8616479,
            18.5181957
          ],
          [
            73.8616658,
            18.5179984
          ],
          [
            73.8616999,
            18.5176957
          ],
          [
            73.8617882,
            18.5169141
          ],
          [
            73.8617892,
            18.5168887
          ],
          [
            73.8617962,
            18.5167081
          ],
          [
            73.8618252,
            18.5161016
          ]
        ]
      }
    },
    {
      "type": "Feature",
      "id": "way/282484425",
      "properties": {
        "name": "Lal Mahal",
        "highway": "platform"
      },
      "geometry": {
        "type": "LineString",
        "coordinates": [
          [
            73.8565725,
            18.5186025
          ],
          [
            73.8566389,
            18.5186025
          ]
        ]
      }
    },
    {
      "type": "Feature",
      "id": "way/282484426",
      "properties": {
        "name": "Lal Mahal",
        "highway": "platform"
      },
      "geometry": {
        "type": "LineString",
        "coordinates": [
          [
            73.8567139,
            18.5185052
          ],
          [
            73.8566325,
            18.5185059
          ]
        ]
      }
    },
    {
      "type": "Feature",
      "id": "way/282484427",
      "properties": {
        "name": "Laxmi Path",
        "highway": "tertiary"
      },
      "geometry": {
        "type": "LineString",
        "coordinates": [
          [
            73.8537421,
            18.5145251
          ],
          [
            73.8523177,
            18.5144753
          ],
          [
            73.8515993,
            18.5143807
          ],
          [
            73.8501151,
            18.5141854
          ],
          [
            73.8498079,
            18.5141488
          ],
          [
            73.8491322,
            18.5140682
          ],
          [
            73.8488306,
            18.5140322
          ],
          [
            73.8484591,
            18.5139879
          ],
          [
            73.8472286,
            18.5138627
          ],
          [
            73.8469163,
            18.5138217
          ],
          [
            73.8463277,
            18.5137776
          ],
          [
            73.8461613,
            18.5137283
          ],
          [
            73.8460506,
            18.5136979
          ],
          [
            73.8453115,
            18.513457
          ]
        ]
      }
    },
    {
      "type": "Feature",
      "id": "way/282484439",
      "properties": {
        "name": "Phadke Houd",
        "highway": "platform"
      },
      "geometry": {
        "type": "LineString",
        "coordinates": [
          [
            73.8601304,
            18.5188017
          ],
          [
            73.860203,
            18.5188369
          ]
        ]
      }
    },
    {
      "type": "Feature",
      "id": "way/282484440",
      "properties": {
        "name": "Phadke Houd",
        "highway": "platform"
      },
      "geometry": {
        "type": "LineString",
        "coordinates": [
          [
            73.8600746,
            18.5189064
          ],
          [
            73.8601398,
            18.5189364
          ]
        ]
      }
    },
    {
      "type": "Feature",
      "id": "way/282484444",
      "properties": {
        "name": "Sadashiv Peth Houd",
        "highway": "platform"
      },
      "geometry": {
        "type": "LineString",
        "coordinates": [
          [
            73.8506001,
            18.5135721
          ],
          [
            73.8506646,
            18.513581
          ]
        ]
      }
    },
    {
      "type": "Feature",
      "id": "way/282484451",
      "properties": {
        "name": "Shaniwarwada",
        "highway": "platform"
      },
      "geometry": {
        "type": "LineString",
        "coordinates": [
          [
            73.8544509,
            18.5196361
          ],
          [
            73.8544496,
            18.5196994
          ]
        ]
      }
    },
    {
      "type": "Feature",
      "id": "way/282484452",
      "properties": {
        "name": "Shivaji Road",
        "highway": "trunk"
      },
      "geometry": {
        "type": "LineString",
        "coordinates": [
          [
            73.8550363,
            18.5217074
          ],
          [
            73.8550705,
            18.5216851
          ],
          [
            73.8550966,
            18.5216565
          ],
          [
            73.8551346,
            18.5215952
          ],
          [
            73.855175,
            18.5215324
          ]
        ]
      }
    },
    {
      "type": "Feature",
      "id": "way/282484466",
      "properties": {
        "highway": "residential"
      },
      "geometry": {
        "type": "LineString",
        "coordinates": [
          [
            73.8610036,
            18.5218205
          ],
          [
            73.8611901,
            18.5211486
          ],
          [
            73.8612506,
            18.5208764
          ],
          [
            73.8613128,
            18.5205967
          ],
          [
            73.8614855,
            18.519631
          ],
          [
            73.8615122,
            18.5191977
          ]
        ]
      }
    },
    {
      "type": "Feature",
      "id": "way/283124012",
      "properties": {
        "name": "Appa Balwant Chowk",
        "highway": "platform"
      },
      "geometry": {
        "type": "LineString",
        "coordinates": [
          [
            73.8530921,
            18.516468
          ],
          [
            73.85313,
            18.5164658
          ]
        ]
      }
    },
    {
      "type": "Feature",
      "id": "way/283124014",
      "properties": {
        "name": "Appa Balwant Chowk",
        "highway": "platform"
      },
      "geometry": {
        "type": "LineString",
        "coordinates": [
          [
            73.8530754,
            18.5163678
          ],
          [
            73.8531127,
            18.5163678
          ]
        ]
      }
    },
    {
      "type": "Feature",
      "id": "way/283124026",
      "properties": {
        "name": "Nana Wada",
        "highway": "platform"
      },
      "geometry": {
        "type": "LineString",
        "coordinates": [
          [
            73.8563098,
            18.5183568
          ],
          [
            73.8563057,
            18.5184361
          ]
        ]
      }
    },
    {
      "type": "Feature",
      "id": "way/283124073",
      "properties": {
        "name": "Vasant Talkies",
        "highway": "platform"
      },
      "geometry": {
        "type": "LineString",
        "coordinates": [
          [
            73.8562943,
            18.5175284
          ],
          [
            73.8562943,
            18.5174738
          ]
        ]
      }
    },
    {
      "type": "Feature",
      "id": "way/290034470",
      "properties": {
        "name": "Kamalabai Bhat Path",
        "highway": "residential"
      },
      "geometry": {
        "type": "LineString",
        "coordinates": [
          [
            73.850744,
            18.511033
          ],
          [
            73.8521224,
            18.5112089
          ],
          [
            73.8521874,
            18.5112161
          ]
        ]
      }
    },
    {
      "type": "Feature",
      "id": "way/290390070",
      "properties": {
        "name": "Vedacharya Phatak Guruji Marg",
        "highway": "residential"
      },
      "geometry": {
        "type": "LineString",
        "coordinates": [
          [
            73.8501961,
            18.5123577
          ],
          [
            73.8502292,
            18.5123954
          ],
          [
            73.8503115,
            18.5124005
          ],
          [
            73.8503691,
            18.5123787
          ]
        ]
      }
    },
    {
      "type": "Feature",
      "id": "way/290390071",
      "properties": {
        "name": "Vedacharya Phatak Guruji Marg",
        "highway": "residential"
      },
      "geometry": {
        "type": "LineString",
        "coordinates": [
          [
            73.8503691,
            18.5123787
          ],
          [
            73.8503162,
            18.5123586
          ],
          [
            73.8502339,
            18.5123529
          ],
          [
            73.8501961,
            18.5123577
          ]
        ]
      }
    },
    {
      "type": "Feature",
      "id": "way/290390072",
      "properties": {
        "name": "Vedacharya Phatak Guruji Marg",
        "highway": "residential"
      },
      "geometry": {
        "type": "LineString",
        "coordinates": [
          [
            73.8503691,
            18.5123787
          ],
          [
            73.8504648,
            18.5123781
          ],
          [
            73.8514807,
            18.5125033
          ],
          [
            73.8521508,
            18.5125973
          ],
          [
            73.8525571,
            18.5126543
          ],
          [
            73.8527644,
            18.5126934
          ],
          [
            73.8531837,
            18.5128727
          ]
        ]
      }
    },
    {
      "type": "Feature",
      "id": "way/327073025",
      "properties": {
        "name": "Kerunana Chhatre Path",
        "highway": "residential"
      },
      "geometry": {
        "type": "LineString",
        "coordinates": [
          [
            73.8520545,
            18.5194588
          ],
          [
            73.8522074,
            18.5194513
          ],
          [
            73.8525466,
            18.519427
          ],
          [
            73.8530052,
            18.5194107
          ],
          [
            73.8538524,
            18.5193472
          ],
          [
            73.854503,
            18.5193346
          ]
        ]
      }
    },
    {
      "type": "Feature",
      "id": "way/327073029",
      "properties": {
        "name": "Yashwantrao Tatha Bhausaheb Shaligram Path",
        "highway": "residential"
      },
      "geometry": {
        "type": "LineString",
        "coordinates": [
          [
            73.8584904,
            18.5187768
          ],
          [
            73.8584368,
            18.5183646
          ]
        ]
      }
    },
    {
      "type": "Feature",
      "id": "way/354761031",
      "properties": {
        "highway": "residential"
      },
      "geometry": {
        "type": "LineString",
        "coordinates": [
          [
            73.8574016,
            18.5199346
          ],
          [
            73.857138,
            18.5199565
          ],
          [
            73.8568372,
            18.5199834
          ],
          [
            73.8567069,
            18.5199848
          ],
          [
            73.8566369,
            18.5199939
          ],
          [
            73.8565726,
            18.5200253
          ],
          [
            73.8565443,
            18.5200689
          ],
          [
            73.8565376,
            18.5201083
          ],
          [
            73.8565135,
            18.5202056
          ],
          [
            73.8564947,
            18.5202793
          ],
          [
            73.856486,
            18.5203398
          ],
          [
            73.8564759,
            18.5204151
          ],
          [
            73.8564618,
            18.5205521
          ],
          [
            73.8564602,
            18.5206532
          ]
        ]
      }
    },
    {
      "type": "Feature",
      "id": "way/354761070",
      "properties": {
        "highway": "residential"
      },
      "geometry": {
        "type": "LineString",
        "coordinates": [
          [
            73.8581814,
            18.5203908
          ],
          [
            73.8581726,
            18.5200419
          ],
          [
            73.8581586,
            18.5197076
          ]
        ]
      }
    },
    {
      "type": "Feature",
      "id": "way/436207965",
      "properties": {
        "highway": "residential"
      },
      "geometry": {
        "type": "LineString",
        "coordinates": [
          [
            73.8530052,
            18.5194107
          ],
          [
            73.8530119,
            18.5188803
          ],
          [
            73.8530014,
            18.5188321
          ],
          [
            73.8529791,
            18.5188084
          ],
          [
            73.8529498,
            18.5187968
          ],
          [
            73.8527585,
            18.5187955
          ],
          [
            73.852734,
            18.518787
          ],
          [
            73.852719,
            18.5187688
          ],
          [
            73.8526525,
            18.5184259
          ]
        ]
      }
    },
    {
      "type": "Feature",
      "id": "way/436388164",
      "properties": {
        "highway": "residential"
      },
      "geometry": {
        "type": "LineString",
        "coordinates": [
          [
            73.8610496,
            18.512693
          ],
          [
            73.8611294,
            18.5126921
          ],
          [
            73.8611488,
            18.512667
          ],
          [
            73.8611843,
            18.5125427
          ],
          [
            73.8612056,
            18.5125182
          ],
          [
            73.8612361,
            18.5125065
          ],
          [
            73.8613455,
            18.5124838
          ],
          [
            73.8613942,
            18.5124547
          ],
          [
            73.8614215,
            18.5124255
          ],
          [
            73.8615088,
            18.5122001
          ],
          [
            73.8615998,
            18.5119897
          ],
          [
            73.8616347,
            18.5118959
          ],
          [
            73.8616524,
            18.5117804
          ]
        ]
      }
    },
    {
      "type": "Feature",
      "id": "way/438659664",
      "properties": {
        "highway": "service"
      },
      "geometry": {
        "type": "LineString",
        "coordinates": [
          [
            73.8554883,
            18.5201901
          ],
          [
            73.8559349,
            18.5202017
          ],
          [
            73.8559948,
            18.5202333
          ],
          [
            73.8560302,
            18.5202531
          ],
          [
            73.856056,
            18.5202656
          ]
        ]
      }
    },
    {
      "type": "Feature",
      "id": "way/440662347",
      "properties": {
        "highway": "living_street"
      },
      "geometry": {
        "type": "LineString",
        "coordinates": [
          [
            73.8537862,
            18.5140175
          ],
          [
            73.8541304,
            18.5140225
          ],
          [
            73.8543815,
            18.5140254
          ],
          [
            73.8544023,
            18.5140279
          ],
          [
            73.8545738,
            18.5140485
          ],
          [
            73.8546765,
            18.5140608
          ],
          [
            73.8547874,
            18.5140914
          ],
          [
            73.8548983,
            18.514122
          ],
          [
            73.8550302,
            18.5141407
          ]
        ]
      }
    },
    {
      "type": "Feature",
      "id": "way/462046041",
      "properties": {
        "highway": "footway"
      },
      "geometry": {
        "type": "LineString",
        "coordinates": [
          [
            73.8506031,
            18.5207855
          ],
          [
            73.8509116,
            18.5208466
          ],
          [
            73.8512031,
            18.5208879
          ],
          [
            73.8516644,
            18.5209769
          ],
          [
            73.8521821,
            18.5210863
          ],
          [
            73.8525951,
            18.5211753
          ],
          [
            73.8528982,
            18.5212313
          ],
          [
            73.8531343,
            18.5212821
          ],
          [
            73.8535929,
            18.5213762
          ],
          [
            73.8542367,
            18.5216484
          ],
          [
            73.8544155,
            18.5217205
          ],
          [
            73.8545667,
            18.5217773
          ],
          [
            73.8547088,
            18.5218166
          ],
          [
            73.8548544,
            18.5218714
          ],
          [
            73.8551835,
            18.5219892
          ],
          [
            73.8555214,
            18.5222206
          ],
          [
            73.8557494,
            18.5223757
          ],
          [
            73.855846,
            18.522452
          ],
          [
            73.8561839,
            18.5227827
          ],
          [
            73.8565836,
            18.5232277
          ],
          [
            73.85723,
            18.5239017
          ],
          [
            73.8580561,
            18.5246799
          ],
          [
            73.8585604,
            18.5251199
          ],
          [
            73.859188,
            18.5256082
          ],
          [
            73.859585,
            18.5259999
          ],
          [
            73.859711,
            18.5261118
          ]
        ]
      }
    },
    {
      "type": "Feature",
      "id": "way/462046042",
      "properties": {
        "highway": "footway"
      },
      "geometry": {
        "type": "LineString",
        "coordinates": [
          [
            73.8540212,
            18.5229601
          ],
          [
            73.8540622,
            18.5229076
          ],
          [
            73.854078,
            18.5228906
          ],
          [
            73.8541186,
            18.5227089
          ],
          [
            73.8540972,
            18.5225945
          ],
          [
            73.8540006,
            18.5224978
          ],
          [
            73.8539282,
            18.522419
          ],
          [
            73.8538263,
            18.5223427
          ],
          [
            73.8537243,
            18.5222765
          ],
          [
            73.8535876,
            18.5222079
          ],
          [
            73.8534615,
            18.5222002
          ],
          [
            73.8533569,
            18.522274
          ],
          [
            73.8530887,
            18.5222155
          ],
          [
            73.8527266,
            18.5220782
          ],
          [
            73.8522357,
            18.5219179
          ],
          [
            73.8520211,
            18.5218671
          ],
          [
            73.8514686,
            18.5217526
          ],
          [
            73.8513023,
            18.5216916
          ],
          [
            73.8512004,
            18.5216356
          ],
          [
            73.8510985,
            18.5215771
          ],
          [
            73.8509697,
            18.5215543
          ],
          [
            73.8507873,
            18.5215186
          ],
          [
            73.8506747,
            18.5214729
          ],
          [
            73.8505084,
            18.5214017
          ]
        ]
      }
    },
    {
      "type": "Feature",
      "id": "way/462046045",
      "properties": {
        "highway": "tertiary"
      },
      "geometry": {
        "type": "LineString",
        "coordinates": [
          [
            73.8529434,
            18.5210217
          ],
          [
            73.8531879,
            18.5211066
          ],
          [
            73.853573,
            18.5212263
          ],
          [
            73.8536054,
            18.5212302
          ],
          [
            73.8536281,
            18.5212222
          ]
        ]
      }
    },
    {
      "type": "Feature",
      "id": "way/476915660",
      "properties": {
        "highway": "living_street"
      },
      "geometry": {
        "type": "LineString",
        "coordinates": [
          [
            73.8568598,
            18.5165034
          ],
          [
            73.8571948,
            18.5165108
          ],
          [
            73.8572813,
            18.5165299
          ],
          [
            73.8574848,
            18.5165294
          ],
          [
            73.8576283,
            18.5165328
          ]
        ]
      }
    },
    {
      "type": "Feature",
      "id": "way/476915661",
      "properties": {
        "highway": "residential"
      },
      "geometry": {
        "type": "LineString",
        "coordinates": [
          [
            73.8575348,
            18.516104
          ],
          [
            73.8568702,
            18.5162359
          ]
        ]
      }
    },
    {
      "type": "Feature",
      "id": "way/476915662",
      "properties": {
        "highway": "residential"
      },
      "geometry": {
        "type": "LineString",
        "coordinates": [
          [
            73.860597,
            18.5181096
          ],
          [
            73.8613166,
            18.5181188
          ],
          [
            73.8613499,
            18.5181193
          ],
          [
            73.8613451,
            18.5179619
          ]
        ]
      }
    },
    {
      "type": "Feature",
      "id": "way/476915663",
      "properties": {
        "highway": "residential"
      },
      "geometry": {
        "type": "LineString",
        "coordinates": [
          [
            73.8613451,
            18.5179619
          ],
          [
            73.8612986,
            18.5179312
          ],
          [
            73.861264,
            18.5178946
          ],
          [
            73.8612498,
            18.5178601
          ],
          [
            73.8612332,
            18.5177787
          ],
          [
            73.8612303,
            18.5175311
          ],
          [
            73.8612346,
            18.5174479
          ]
        ]
      }
    },
    {
      "type": "Feature",
      "id": "way/476915668",
      "properties": {
        "highway": "residential"
      },
      "geometry": {
        "type": "LineString",
        "coordinates": [
          [
            73.8619308,
            18.5146592
          ],
          [
            73.8616709,
            18.5146673
          ],
          [
            73.86153,
            18.5146536
          ],
          [
            73.8614754,
            18.5146131
          ],
          [
            73.8614381,
            18.5145549
          ],
          [
            73.8612758,
            18.5141718
          ]
        ]
      }
    },
    {
      "type": "Feature",
      "id": "way/476915671",
      "properties": {
        "highway": "residential"
      },
      "geometry": {
        "type": "LineString",
        "coordinates": [
          [
            73.8607287,
            18.5150912
          ],
          [
            73.8607315,
            18.5142041
          ]
        ]
      }
    },
    {
      "type": "Feature",
      "id": "way/476915672",
      "properties": {
        "highway": "residential"
      },
      "geometry": {
        "type": "LineString",
        "coordinates": [
          [
            73.8574124,
            18.5132092
          ],
          [
            73.8579526,
            18.5134533
          ],
          [
            73.8579752,
            18.5134687
          ],
          [
            73.857991,
            18.5134883
          ],
          [
            73.8580049,
            18.5135709
          ],
          [
            73.8580167,
            18.5135955
          ],
          [
            73.858041,
            18.5136107
          ],
          [
            73.8583156,
            18.513688
          ]
        ]
      }
    },
    {
      "type": "Feature",
      "id": "way/476915675",
      "properties": {
        "highway": "residential"
      },
      "geometry": {
        "type": "LineString",
        "coordinates": [
          [
            73.861093,
            18.5101385
          ],
          [
            73.8608341,
            18.5101806
          ],
          [
            73.8606236,
            18.5101693
          ],
          [
            73.8604044,
            18.5101306
          ],
          [
            73.8600559,
            18.5100455
          ],
          [
            73.8599908,
            18.5100296
          ],
          [
            73.8598925,
            18.5099956
          ],
          [
            73.8594433,
            18.5096971
          ]
        ]
      }
    },
    {
      "type": "Feature",
      "id": "way/562646971",
      "properties": {
        "highway": "service"
      },
      "geometry": {
        "type": "LineString",
        "coordinates": [
          [
            73.8568247,
            18.5206381
          ],
          [
            73.8568268,
            18.5206133
          ],
          [
            73.8568327,
            18.5205445
          ],
          [
            73.8568407,
            18.5204428
          ],
          [
            73.8568434,
            18.5203576
          ],
          [
            73.8568542,
            18.5202495
          ]
        ]
      }
    },
    {
      "type": "Feature",
      "id": "way/666675654",
      "properties": {
        "highway": "residential"
      },
      "geometry": {
        "type": "LineString",
        "coordinates": [
          [
            73.8550302,
            18.5141407
          ],
          [
            73.8550334,
            18.5140938
          ],
          [
            73.8550736,
            18.5135085
          ],
          [
            73.85508,
            18.5134161
          ]
        ]
      }
    },
    {
      "type": "Feature",
      "id": "way/666675660",
      "properties": {
        "name": "Ram Ganesh Gadkari Path",
        "highway": "residential"
      },
      "geometry": {
        "type": "LineString",
        "coordinates": [
          [
            73.8571509,
            18.5187148
          ],
          [
            73.8571538,
            18.5187701
          ],
          [
            73.8571704,
            18.5190854
          ],
          [
            73.8572084,
            18.5192237
          ],
          [
            73.8572246,
            18.519283
          ],
          [
            73.8572765,
            18.5194735
          ],
          [
            73.8573254,
            18.5196719
          ],
          [
            73.8573746,
            18.5198469
          ],
          [
            73.8574016,
            18.5199346
          ],
          [
            73.8574775,
            18.5201306
          ],
          [
            73.8575591,
            18.5202886
          ],
          [
            73.8576519,
            18.520383
          ],
          [
            73.8578106,
            18.5205203
          ],
          [
            73.8578035,
            18.5206833
          ],
          [
            73.8578755,
            18.5208285
          ],
          [
            73.857917,
            18.5208993
          ],
          [
            73.8579726,
            18.5209629
          ],
          [
            73.8580061,
            18.5209902
          ],
          [
            73.8580397,
            18.521001
          ],
          [
            73.8581147,
            18.5210141
          ],
          [
            73.8581383,
            18.5212377
          ],
          [
            73.8581792,
            18.5213444
          ],
          [
            73.8582267,
            18.5214202
          ],
          [
            73.8583011,
            18.5214672
          ],
          [
            73.8583706,
            18.5215028
          ]
        ]
      }
    },
    {
      "type": "Feature",
      "id": "way/668641519",
      "properties": {
        "highway": "residential"
      },
      "geometry": {
        "type": "LineString",
        "coordinates": [
          [
            73.8509404,
            18.5198374
          ],
          [
            73.8508245,
            18.5200625
          ],
          [
            73.8505865,
            18.5205196
          ]
        ]
      }
    },
    {
      "type": "Feature",
      "id": "way/750354767",
      "properties": {
        "name": "Ravjimama Kondhakar Path",
        "highway": "residential"
      },
      "geometry": {
        "type": "LineString",
        "coordinates": [
          [
            73.8521874,
            18.5112161
          ],
          [
            73.8522072,
            18.5111199
          ],
          [
            73.8522823,
            18.510569
          ],
          [
            73.8523137,
            18.5103388
          ],
          [
            73.852374,
            18.5100093
          ],
          [
            73.8524213,
            18.5098296
          ],
          [
            73.8525068,
            18.5095074
          ],
          [
            73.8526402,
            18.5090395
          ],
          [
            73.8526808,
            18.5084883
          ]
        ]
      }
    },
    {
      "type": "Feature",
      "id": "way/750354768",
      "properties": {
        "name": "Ravjimama Kondhakar Path",
        "highway": "residential"
      },
      "geometry": {
        "type": "LineString",
        "coordinates": [
          [
            73.8521486,
            18.5118636
          ],
          [
            73.8521284,
            18.5117853
          ],
          [
            73.85212,
            18.5117238
          ],
          [
            73.8521874,
            18.5112161
          ]
        ]
      }
    },
    {
      "type": "Feature",
      "id": "way/817794774",
      "properties": {
        "highway": "residential"
      },
      "geometry": {
        "type": "LineString",
        "coordinates": [
          [
            73.8536281,
            18.5212222
          ],
          [
            73.8537883,
            18.5213062
          ],
          [
            73.8539309,
            18.5213991
          ],
          [
            73.854065,
            18.5214729
          ],
          [
            73.8542014,
            18.52153
          ],
          [
            73.8544854,
            18.521599
          ]
        ]
      }
    },
    {
      "type": "Feature",
      "id": "way/817794781",
      "properties": {
        "highway": "residential"
      },
      "geometry": {
        "type": "LineString",
        "coordinates": [
          [
            73.8562257,
            18.5144137
          ],
          [
            73.8559449,
            18.5142688
          ],
          [
            73.855878,
            18.5142474
          ],
          [
            73.8556377,
            18.5141938
          ],
          [
            73.8553902,
            18.5141656
          ],
          [
            73.8552487,
            18.5141561
          ],
          [
            73.8550302,
            18.5141407
          ]
        ]
      }
    },
    {
      "type": "Feature",
      "id": "way/817794782",
      "properties": {
        "highway": "residential"
      },
      "geometry": {
        "type": "LineString",
        "coordinates": [
          [
            73.8549798,
            18.5150076
          ],
          [
            73.8550004,
            18.5149739
          ],
          [
            73.855011,
            18.5149564
          ],
          [
            73.8551832,
            18.5147043
          ],
          [
            73.8552487,
            18.5141561
          ]
        ]
      }
    },
    {
      "type": "Feature",
      "id": "way/817794783",
      "properties": {
        "name": "Shivaji Road",
        "highway": "trunk"
      },
      "geometry": {
        "type": "LineString",
        "coordinates": [
          [
            73.8562866,
            18.5156694
          ],
          [
            73.8563217,
            18.5153319
          ]
        ]
      }
    },
    {
      "type": "Feature",
      "id": "way/817794784",
      "properties": {
        "name": "Shivaji Road",
        "highway": "trunk"
      },
      "geometry": {
        "type": "LineString",
        "coordinates": [
          [
            73.8563217,
            18.5153319
          ],
          [
            73.8563807,
            18.5151323
          ],
          [
            73.8564666,
            18.5149619
          ],
          [
            73.856596,
            18.51479
          ],
          [
            73.8566723,
            18.5147029
          ],
          [
            73.8568992,
            18.5143625
          ],
          [
            73.8570343,
            18.5141146
          ],
          [
            73.8571503,
            18.5138975
          ],
          [
            73.8573103,
            18.5135106
          ],
          [
            73.8574124,
            18.5132092
          ],
          [
            73.8574569,
            18.513092
          ],
          [
            73.8575085,
            18.5129562
          ],
          [
            73.8575941,
            18.5127309
          ],
          [
            73.8576133,
            18.5126803
          ],
          [
            73.8576283,
            18.5126408
          ],
          [
            73.8576448,
            18.5125947
          ],
          [
            73.8576862,
            18.5124789
          ],
          [
            73.8577928,
            18.5121807
          ],
          [
            73.8578707,
            18.5118551
          ],
          [
            73.8578961,
            18.5116469
          ],
          [
            73.8579056,
            18.511569
          ],
          [
            73.8579066,
            18.5114908
          ],
          [
            73.8579167,
            18.510704
          ],
          [
            73.8579176,
            18.5106381
          ],
          [
            73.8579182,
            18.5105857
          ],
          [
            73.8579273,
            18.5098122
          ],
          [
            73.8579425,
            18.5095557
          ],
          [
            73.8579573,
            18.5092428
          ],
          [
            73.8579993,
            18.5087975
          ],
          [
            73.8580076,
            18.5087095
          ],
          [
            73.8580097,
            18.5086311
          ],
          [
            73.8580364,
            18.5076154
          ],
          [
            73.8580363,
            18.5075075
          ],
          [
            73.8580596,
            18.5067246
          ],
          [
            73.8580613,
            18.5066677
          ],
          [
            73.858078,
            18.5066095
          ],
          [
            73.8581,
            18.5065333
          ],
          [
            73.8581856,
            18.5063781
          ],
          [
            73.8583094,
            18.5061957
          ],
          [
            73.8583887,
            18.506098
          ],
          [
            73.8585368,
            18.5059154
          ],
          [
            73.8586647,
            18.5056843
          ],
          [
            73.858739,
            18.5053834
          ],
          [
            73.8587447,
            18.5053601
          ],
          [
            73.8589495,
            18.5046131
          ],
          [
            73.8590363,
            18.5043937
          ],
          [
            73.85904,
            18.5043192
          ],
          [
            73.8590465,
            18.5041868
          ],
          [
            73.8590336,
            18.5039114
          ],
          [
            73.8589873,
            18.5036586
          ],
          [
            73.8587663,
            18.5024765
          ],
          [
            73.8587518,
            18.5023845
          ],
          [
            73.858739,
            18.5023035
          ],
          [
            73.8586765,
            18.5019624
          ],
          [
            73.8586251,
            18.5016817
          ],
          [
            73.8585846,
            18.5014698
          ],
          [
            73.8585224,
            18.5012985
          ],
          [
            73.8584992,
            18.501231
          ],
          [
            73.8584601,
            18.5011158
          ]
        ]
      }
    },
    {
      "type": "Feature",
      "id": "way/855226372",
      "properties": {
        "highway": "service"
      },
      "geometry": {
        "type": "LineString",
        "coordinates": [
          [
            73.8534905,
            18.5107223
          ],
          [
            73.8523796,
            18.5105813
          ],
          [
            73.8522823,
            18.510569
          ]
        ]
      }
    },
    {
      "type": "Feature",
      "id": "way/855235605",
      "properties": {
        "highway": "residential"
      },
      "geometry": {
        "type": "LineString",
        "coordinates": [
          [
            73.8601699,
            18.5168211
          ],
          [
            73.8600906,
            18.5166072
          ],
          [
            73.8600298,
            18.516459
          ],
          [
            73.8599891,
            18.5163856
          ],
          [
            73.859939,
            18.5163388
          ]
        ]
      }
    },
    {
      "type": "Feature",
      "id": "way/855240391",
      "properties": {
        "highway": "residential"
      },
      "geometry": {
        "type": "LineString",
        "coordinates": [
          [
            73.8601564,
            18.5177008
          ],
          [
            73.860506,
            18.5176785
          ]
        ]
      }
    },
    {
      "type": "Feature",
      "id": "way/855240392",
      "properties": {
        "highway": "residential"
      },
      "geometry": {
        "type": "LineString",
        "coordinates": [
          [
            73.8573254,
            18.5196719
          ],
          [
            73.8565147,
            18.519727
          ]
        ]
      }
    },
    {
      "type": "Feature",
      "id": "way/855240393",
      "properties": {
        "highway": "residential"
      },
      "geometry": {
        "type": "LineString",
        "coordinates": [
          [
            73.8572084,
            18.5192237
          ],
          [
            73.8577778,
            18.5192525
          ]
        ]
      }
    },
    {
      "type": "Feature",
      "id": "way/855240398",
      "properties": {
        "highway": "residential"
      },
      "geometry": {
        "type": "LineString",
        "coordinates": [
          [
            73.8614839,
            18.5220302
          ],
          [
            73.8612823,
            18.5219448
          ]
        ]
      }
    },
    {
      "type": "Feature",
      "id": "way/855240399",
      "properties": {
        "highway": "living_street"
      },
      "geometry": {
        "type": "LineString",
        "coordinates": [
          [
            73.8610036,
            18.5218205
          ],
          [
            73.8607997,
            18.5217089
          ],
          [
            73.8606748,
            18.5215856
          ],
          [
            73.8606085,
            18.5214237
          ],
          [
            73.8605836,
            18.521255
          ],
          [
            73.8605866,
            18.5211744
          ],
          [
            73.8605912,
            18.5210499
          ],
          [
            73.8606427,
            18.5208566
          ],
          [
            73.8607105,
            18.5206936
          ],
          [
            73.8607326,
            18.5205248
          ],
          [
            73.8607211,
            18.5203737
          ],
          [
            73.8606819,
            18.5201803
          ],
          [
            73.8606184,
            18.51989
          ]
        ]
      }
    },
    {
      "type": "Feature",
      "id": "way/855244786",
      "properties": {
        "highway": "living_street"
      },
      "geometry": {
        "type": "LineString",
        "coordinates": [
          [
            73.8606427,
            18.5208566
          ],
          [
            73.8612506,
            18.5208764
          ]
        ]
      }
    },
    {
      "type": "Feature",
      "id": "way/855244787",
      "properties": {
        "highway": "residential"
      },
      "geometry": {
        "type": "LineString",
        "coordinates": [
          [
            73.8528934,
            18.5204143
          ],
          [
            73.8518266,
            18.5203051
          ]
        ]
      }
    },
    {
      "type": "Feature",
      "id": "way/855244788",
      "properties": {
        "highway": "service"
      },
      "geometry": {
        "type": "LineString",
        "coordinates": [
          [
            73.8500249,
            18.5194777
          ],
          [
            73.8498356,
            18.5193488
          ],
          [
            73.8497144,
            18.5192374
          ],
          [
            73.8496659,
            18.5191928
          ]
        ]
      }
    },
    {
      "type": "Feature",
      "id": "way/855244789",
      "properties": {
        "highway": "residential"
      },
      "geometry": {
        "type": "LineString",
        "coordinates": [
          [
            73.8510335,
            18.5170452
          ],
          [
            73.8513752,
            18.5170736
          ],
          [
            73.8519615,
            18.5171223
          ]
        ]
      }
    },
    {
      "type": "Feature",
      "id": "way/855256854",
      "properties": {
        "highway": "path"
      },
      "geometry": {
        "type": "LineString",
        "coordinates": [
          [
            73.8530182,
            18.5180235
          ],
          [
            73.8532893,
            18.5179964
          ],
          [
            73.8535924,
            18.5179711
          ],
          [
            73.8538473,
            18.5179694
          ],
          [
            73.8539897,
            18.5179678
          ]
        ]
      }
    },
    {
      "type": "Feature",
      "id": "way/855256855",
      "properties": {
        "highway": "living_street"
      },
      "geometry": {
        "type": "LineString",
        "coordinates": [
          [
            73.8544214,
            18.516659
          ],
          [
            73.8544588,
            18.5163573
          ],
          [
            73.8544708,
            18.516261
          ]
        ]
      }
    },
    {
      "type": "Feature",
      "id": "way/855256856",
      "properties": {
        "highway": "residential"
      },
      "geometry": {
        "type": "LineString",
        "coordinates": [
          [
            73.8585992,
            18.511732
          ],
          [
            73.8590064,
            18.5117745
          ],
          [
            73.8592417,
            18.5117946
          ],
          [
            73.8594592,
            18.5118024
          ],
          [
            73.859741,
            18.5117828
          ]
        ]
      }
    },
    {
      "type": "Feature",
      "id": "way/855256857",
      "properties": {
        "highway": "residential"
      },
      "geometry": {
        "type": "LineString",
        "coordinates": [
          [
            73.859355,
            18.51138
          ],
          [
            73.8594103,
            18.5115001
          ],
          [
            73.859437,
            18.5115829
          ],
          [
            73.8594638,
            18.5117064
          ],
          [
            73.8594592,
            18.5118024
          ]
        ]
      }
    },
    {
      "type": "Feature",
      "id": "way/855278808",
      "properties": {
        "highway": "residential"
      },
      "geometry": {
        "type": "LineString",
        "coordinates": [
          [
            73.858155,
            18.5104333
          ],
          [
            73.858583,
            18.5104158
          ],
          [
            73.858964,
            18.5104411
          ],
          [
            73.8591641,
            18.5104681
          ]
        ]
      }
    },
    {
      "type": "Feature",
      "id": "way/855278809",
      "properties": {
        "highway": "residential"
      },
      "geometry": {
        "type": "LineString",
        "coordinates": [
          [
            73.8592879,
            18.5138094
          ],
          [
            73.8588825,
            18.5138453
          ],
          [
            73.8586338,
            18.5138606
          ],
          [
            73.8584095,
            18.5138581
          ],
          [
            73.8582868,
            18.5138489
          ]
        ]
      }
    },
    {
      "type": "Feature",
      "id": "way/855278810",
      "properties": {
        "highway": "residential"
      },
      "geometry": {
        "type": "LineString",
        "coordinates": [
          [
            73.8576793,
            18.5137022
          ],
          [
            73.8580234,
            18.5137624
          ],
          [
            73.8581975,
            18.5137915
          ],
          [
            73.8582949,
            18.513804
          ]
        ]
      }
    },
    {
      "type": "Feature",
      "id": "way/855278811",
      "properties": {
        "highway": "living_street"
      },
      "geometry": {
        "type": "LineString",
        "coordinates": [
          [
            73.8606184,
            18.51989
          ],
          [
            73.8605873,
            18.5198627
          ],
          [
            73.8605361,
            18.5198438
          ],
          [
            73.8603953,
            18.5197758
          ],
          [
            73.8603413,
            18.5197112
          ],
          [
            73.8601036,
            18.5195469
          ],
          [
            73.8600374,
            18.5194037
          ],
          [
            73.8599959,
            18.5192994
          ],
          [
            73.8598951,
            18.5192112
          ],
          [
            73.8596305,
            18.5191104
          ]
        ]
      }
    },
    {
      "type": "Feature",
      "id": "way/855283014",
      "properties": {
        "highway": "residential"
      },
      "geometry": {
        "type": "LineString",
        "coordinates": [
          [
            73.8575348,
            18.516104
          ],
          [
            73.8576372,
            18.5160892
          ],
          [
            73.8577271,
            18.5160803
          ],
          [
            73.8578665,
            18.5160726
          ],
          [
            73.8580141,
            18.5160905
          ]
        ]
      }
    },
    {
      "type": "Feature",
      "id": "way/855283016",
      "properties": {
        "highway": "residential"
      },
      "geometry": {
        "type": "LineString",
        "coordinates": [
          [
            73.8604699,
            18.5113984
          ],
          [
            73.8603763,
            18.5118109
          ],
          [
            73.8603743,
            18.5118938
          ],
          [
            73.8603824,
            18.5119979
          ],
          [
            73.8603804,
            18.5120673
          ],
          [
            73.860358,
            18.5121174
          ],
          [
            73.8603153,
            18.5121433
          ]
        ]
      }
    },
    {
      "type": "Feature",
      "id": "way/855283017",
      "properties": {
        "highway": "living_street"
      },
      "geometry": {
        "type": "LineString",
        "coordinates": [
          [
            73.8597426,
            18.5117525
          ],
          [
            73.8600503,
            18.5117846
          ]
        ]
      }
    },
    {
      "type": "Feature",
      "id": "way/966931041",
      "properties": {
        "highway": "steps"
      },
      "geometry": {
        "type": "LineString",
        "coordinates": [
          [
            73.8553737,
            18.5203147
          ],
          [
            73.8553846,
            18.5203419
          ]
        ]
      }
    },
    {
      "type": "Feature",
      "id": "way/966931045",
      "properties": {
        "highway": "steps"
      },
      "geometry": {
        "type": "LineString",
        "coordinates": [
          [
            73.8553114,
            18.520189
          ],
          [
            73.8553122,
            18.5202349
          ]
        ]
      }
    },
    {
      "type": "Feature",
      "id": "way/966931046",
      "properties": {
        "highway": "footway"
      },
      "geometry": {
        "type": "LineString",
        "coordinates": [
          [
            73.8551649,
            18.520188
          ],
          [
            73.8551985,
            18.5201882
          ],
          [
            73.8553058,
            18.520189
          ],
          [
            73.8553114,
            18.520189
          ],
          [
            73.8554883,
            18.5201901
          ]
        ]
      }
    },
    {
      "type": "Feature",
      "id": "way/966931047",
      "properties": {
        "highway": "steps"
      },
      "geometry": {
        "type": "LineString",
        "coordinates": [
          [
            73.8552589,
            18.5203191
          ],
          [
            73.8552493,
            18.5203429
          ]
        ]
      }
    },
    {
      "type": "Feature",
      "id": "way/1088755905",
      "properties": {
        "name": "Bajirao Road",
        "highway": "trunk"
      },
      "geometry": {
        "type": "LineString",
        "coordinates": [
          [
            73.8551021,
            18.5214938
          ],
          [
            73.8550715,
            18.5215594
          ],
          [
            73.8550524,
            18.5216006
          ],
          [
            73.8550376,
            18.5216331
          ],
          [
            73.8550309,
            18.5216661
          ],
          [
            73.8550363,
            18.5217074
          ]
        ]
      }
    },
    {
      "type": "Feature",
      "id": "way/1088755906",
      "properties": {
        "name": "Shivaji Road",
        "highway": "trunk"
      },
      "geometry": {
        "type": "LineString",
        "coordinates": [
          [
            73.8552841,
            18.5213468
          ],
          [
            73.8553642,
            18.5211739
          ],
          [
            73.8554154,
            18.5210478
          ],
          [
            73.8554326,
            18.5210055
          ]
        ]
      }
    },
    {
      "type": "Feature",
      "id": "way/1088755907",
      "properties": {
        "name": "Veer Santaji Ghorpade Marg",
        "highway": "secondary"
      },
      "geometry": {
        "type": "LineString",
        "coordinates": [
          [
            73.8553528,
            18.5215211
          ],
          [
            73.8553146,
            18.5214734
          ],
          [
            73.8552991,
            18.5214277
          ],
          [
            73.8552841,
            18.5213468
          ]
        ]
      }
    },
    {
      "type": "Feature",
      "id": "way/1088755908",
      "properties": {
        "name": "Veer Santaji Ghorpade Marg",
        "highway": "secondary"
      },
      "geometry": {
        "type": "LineString",
        "coordinates": [
          [
            73.855175,
            18.5215324
          ],
          [
            73.8554448,
            18.5216906
          ],
          [
            73.855515,
            18.5217322
          ],
          [
            73.8557906,
            18.5219166
          ],
          [
            73.8562764,
            18.5223395
          ],
          [
            73.8565112,
            18.5225858
          ],
          [
            73.8568143,
            18.5229662
          ],
          [
            73.857,
            18.5231972
          ],
          [
            73.8572637,
            18.5234622
          ],
          [
            73.8575536,
            18.5237221
          ],
          [
            73.8577696,
            18.5238868
          ],
          [
            73.8578399,
            18.5239404
          ],
          [
            73.8578906,
            18.523973
          ],
          [
            73.8580091,
            18.5240493
          ]
        ]
      }
    },
    {
      "type": "Feature",
      "id": "way/1088755909",
      "properties": {
        "name": "Shivaji Road",
        "highway": "trunk"
      },
      "geometry": {
        "type": "LineString",
        "coordinates": [
          [
            73.855175,
            18.5215324
          ],
          [
            73.8552489,
            18.5214023
          ],
          [
            73.8552841,
            18.5213468
          ]
        ]
      }
    },
    {
      "type": "Feature",
      "id": "way/1117973565",
      "properties": {
        "highway": "footway"
      },
      "geometry": {
        "type": "LineString",
        "coordinates": [
          [
            73.8523825,
            18.5209156
          ],
          [
            73.8524002,
            18.520849
          ]
        ]
      }
    },
    {
      "type": "Feature",
      "id": "way/1117973566",
      "properties": {
        "highway": "footway"
      },
      "geometry": {
        "type": "LineString",
        "coordinates": [
          [
            73.8524002,
            18.520849
          ],
          [
            73.8523456,
            18.5208172
          ],
          [
            73.85231,
            18.5208095
          ],
          [
            73.8522368,
            18.520798
          ],
          [
            73.8521362,
            18.5207989
          ],
          [
            73.8520793,
            18.5207951
          ],
          [
            73.8520315,
            18.5207816
          ],
          [
            73.8519614,
            18.5207777
          ],
          [
            73.8519034,
            18.5207671
          ],
          [
            73.8518282,
            18.5207469
          ],
          [
            73.8517927,
            18.5207305
          ],
          [
            73.8517805,
            18.520722
          ],
          [
            73.8517737,
            18.5207112
          ],
          [
            73.8517698,
            18.5206855
          ],
          [
            73.8517731,
            18.5206593
          ],
          [
            73.8517795,
            18.5206311
          ],
          [
            73.8517851,
            18.5206015
          ],
          [
            73.8517917,
            18.5205758
          ],
          [
            73.8517976,
            18.5205524
          ],
          [
            73.8518096,
            18.5205415
          ],
          [
            73.851825,
            18.5205399
          ],
          [
            73.8518404,
            18.5205426
          ],
          [
            73.8519898,
            18.5206014
          ],
          [
            73.8522084,
            18.5206669
          ],
          [
            73.8523374,
            18.5206948
          ],
          [
            73.8525061,
            18.5207074
          ],
          [
            73.8526169,
            18.520717
          ],
          [
            73.8526484,
            18.5207353
          ],
          [
            73.8526576,
            18.5207556
          ],
          [
            73.8526556,
            18.5207941
          ],
          [
            73.8526444,
            18.520823
          ],
          [
            73.8526159,
            18.5208799
          ]
        ]
      }
    },
    {
      "type": "Feature",
      "id": "way/1117973567",
      "properties": {
        "highway": "footway"
      },
      "geometry": {
        "type": "LineString",
        "coordinates": [
          [
            73.8505084,
            18.5214017
          ],
          [
            73.8505018,
            18.5215509
          ]
        ]
      }
    },
    {
      "type": "Feature",
      "id": "way/1117973568",
      "properties": {
        "highway": "steps"
      },
      "geometry": {
        "type": "LineString",
        "coordinates": [
          [
            73.8505018,
            18.5215509
          ],
          [
            73.8505203,
            18.5218401
          ]
        ]
      }
    },
    {
      "type": "Feature",
      "id": "way/1117973569",
      "properties": {
        "highway": "service"
      },
      "geometry": {
        "type": "LineString",
        "coordinates": [
          [
            73.8506031,
            18.5207855
          ],
          [
            73.8505865,
            18.5205196
          ]
        ]
      }
    },
    {
      "type": "Feature",
      "id": "way/1117976739",
      "properties": {
        "highway": "service"
      },
      "geometry": {
        "type": "LineString",
        "coordinates": [
          [
            73.8502413,
            18.5221177
          ],
          [
            73.8502377,
            18.5220825
          ],
          [
            73.8502079,
            18.5217939
          ]
        ]
      }
    },
    {
      "type": "Feature",
      "id": "way/1117982791",
      "properties": {
        "highway": "living_street"
      },
      "geometry": {
        "type": "LineString",
        "coordinates": [
          [
            73.860776,
            18.5220575
          ],
          [
            73.8607997,
            18.5217089
          ]
        ]
      }
    },
    {
      "type": "Feature",
      "id": "way/1117985106",
      "properties": {
        "highway": "residential"
      },
      "geometry": {
        "type": "LineString",
        "coordinates": [
          [
            73.8575533,
            18.5218411
          ],
          [
            73.8575455,
            18.5220357
          ],
          [
            73.8575361,
            18.5222396
          ],
          [
            73.857518,
            18.522728
          ]
        ]
      }
    },
    {
      "type": "Feature",
      "id": "way/1117985107",
      "properties": {
        "highway": "residential"
      },
      "geometry": {
        "type": "LineString",
        "coordinates": [
          [
            73.8570956,
            18.5218131
          ],
          [
            73.8570989,
            18.5216904
          ]
        ]
      }
    },
    {
      "type": "Feature",
      "id": "way/1117985108",
      "properties": {
        "highway": "living_street"
      },
      "geometry": {
        "type": "LineString",
        "coordinates": [
          [
            73.8565899,
            18.5210023
          ],
          [
            73.8565601,
            18.5216082
          ],
          [
            73.8565403,
            18.5216076
          ],
          [
            73.8565345,
            18.5217465
          ],
          [
            73.8565248,
            18.5221299
          ]
        ]
      }
    },
    {
      "type": "Feature",
      "id": "way/1117985109",
      "properties": {
        "highway": "residential"
      },
      "geometry": {
        "type": "LineString",
        "coordinates": [
          [
            73.8561393,
            18.5217055
          ],
          [
            73.8561601,
            18.5211656
          ]
        ]
      }
    },
    {
      "type": "Feature",
      "id": "way/1117985110",
      "properties": {
        "highway": "residential"
      },
      "geometry": {
        "type": "LineString",
        "coordinates": [
          [
            73.8550301,
            18.521419
          ],
          [
            73.8550187,
            18.5214468
          ],
          [
            73.8549825,
            18.5215349
          ],
          [
            73.8549353,
            18.5216042
          ],
          [
            73.8549082,
            18.5216456
          ],
          [
            73.8548869,
            18.5216713
          ]
        ]
      }
    },
    {
      "type": "Feature",
      "id": "way/1117985111",
      "properties": {
        "highway": "residential"
      },
      "geometry": {
        "type": "LineString",
        "coordinates": [
          [
            73.8550187,
            18.5214468
          ],
          [
            73.8547642,
            18.5214252
          ]
        ]
      }
    },
    {
      "type": "Feature",
      "id": "way/1117985112",
      "properties": {
        "highway": "residential"
      },
      "geometry": {
        "type": "LineString",
        "coordinates": [
          [
            73.8539313,
            18.5207753
          ],
          [
            73.8540517,
            18.5205605
          ],
          [
            73.8540661,
            18.5204068
          ]
        ]
      }
    },
    {
      "type": "Feature",
      "id": "way/1117985113",
      "properties": {
        "highway": "residential"
      },
      "geometry": {
        "type": "LineString",
        "coordinates": [
          [
            73.8530104,
            18.5210095
          ],
          [
            73.853021,
            18.5208785
          ],
          [
            73.8530181,
            18.5208579
          ],
          [
            73.852899,
            18.5208358
          ],
          [
            73.8528729,
            18.5208248
          ],
          [
            73.8528598,
            18.520705
          ]
        ]
      }
    },
    {
      "type": "Feature",
      "id": "way/1117985114",
      "properties": {
        "highway": "residential"
      },
      "geometry": {
        "type": "LineString",
        "coordinates": [
          [
            73.8528934,
            18.5204143
          ],
          [
            73.8530362,
            18.5204386
          ],
          [
            73.8534524,
            18.5205095
          ],
          [
            73.8537939,
            18.5204991
          ]
        ]
      }
    },
    {
      "type": "Feature",
      "id": "way/1117985115",
      "properties": {
        "highway": "residential"
      },
      "geometry": {
        "type": "LineString",
        "coordinates": [
          [
            73.8530362,
            18.5204386
          ],
          [
            73.8530941,
            18.5201005
          ]
        ]
      }
    },
    {
      "type": "Feature",
      "id": "way/1117985116",
      "properties": {
        "highway": "service"
      },
      "geometry": {
        "type": "LineString",
        "coordinates": [
          [
            73.8525466,
            18.519427
          ],
          [
            73.852546,
            18.5193768
          ],
          [
            73.8525427,
            18.5191045
          ],
          [
            73.8525365,
            18.5190743
          ],
          [
            73.8525193,
            18.5190662
          ],
          [
            73.8523766,
            18.519066
          ]
        ]
      }
    },
    {
      "type": "Feature",
      "id": "way/1117985118",
      "properties": {
        "highway": "footway"
      },
      "geometry": {
        "type": "LineString",
        "coordinates": [
          [
            73.8554365,
            18.519984
          ],
          [
            73.8553252,
            18.5199825
          ],
          [
            73.8552694,
            18.5199817
          ],
          [
            73.855266,
            18.5199816
          ],
          [
            73.8549952,
            18.5199776
          ],
          [
            73.8548991,
            18.5199763
          ],
          [
            73.8549083,
            18.5194362
          ],
          [
            73.8549113,
            18.5192509
          ],
          [
            73.8549186,
            18.5187224
          ],
          [
            73.855175,
            18.518726
          ],
          [
            73.8555341,
            18.518731
          ],
          [
            73.8558964,
            18.5187361
          ],
          [
            73.8558961,
            18.5187567
          ],
          [
            73.8559625,
            18.5187577
          ],
          [
            73.8559566,
            18.5191414
          ],
          [
            73.8559535,
            18.5193368
          ],
          [
            73.8557243,
            18.5193336
          ],
          [
            73.8557224,
            18.5194571
          ],
          [
            73.8556401,
            18.5194559
          ],
          [
            73.8556394,
            18.5194969
          ],
          [
            73.8556365,
            18.5196785
          ],
          [
            73.8556355,
            18.5197464
          ],
          [
            73.8557225,
            18.5197477
          ],
          [
            73.8557187,
            18.5199878
          ],
          [
            73.855454,
            18.5199842
          ]
        ]
      }
    },
    {
      "type": "Feature",
      "id": "way/1117985119",
      "properties": {
        "highway": "footway"
      },
      "geometry": {
        "type": "LineString",
        "coordinates": [
          [
            73.8553296,
            18.5196356
          ],
          [
            73.85533,
            18.5196969
          ],
          [
            73.8555127,
            18.5197003
          ],
          [
            73.8555158,
            18.5194156
          ],
          [
            73.8555208,
            18.5193039
          ],
          [
            73.8555237,
            18.5191325
          ],
          [
            73.8555237,
            18.5191162
          ]
        ]
      }
    },
    {
      "type": "Feature",
      "id": "way/1117985120",
      "properties": {
        "highway": "footway"
      },
      "geometry": {
        "type": "LineString",
        "coordinates": [
          [
            73.8551615,
            18.519409
          ],
          [
            73.8553384,
            18.5194102
          ],
          [
            73.8555158,
            18.5194156
          ]
        ]
      }
    },
    {
      "type": "Feature",
      "id": "way/1117985122",
      "properties": {
        "highway": "footway"
      },
      "geometry": {
        "type": "LineString",
        "coordinates": [
          [
            73.855175,
            18.518726
          ],
          [
            73.8551637,
            18.5190583
          ],
          [
            73.8551615,
            18.5192791
          ],
          [
            73.8551609,
            18.5192932
          ],
          [
            73.8551599,
            18.5193455
          ],
          [
            73.8551615,
            18.519409
          ]
        ]
      }
    },
    {
      "type": "Feature",
      "id": "way/1117985123",
      "properties": {
        "highway": "footway"
      },
      "geometry": {
        "type": "LineString",
        "coordinates": [
          [
            73.8555237,
            18.5191162
          ],
          [
            73.8555232,
            18.5190665
          ],
          [
            73.8555341,
            18.518731
          ]
        ]
      }
    },
    {
      "type": "Feature",
      "id": "way/1117985124",
      "properties": {
        "highway": "footway"
      },
      "geometry": {
        "type": "LineString",
        "coordinates": [
          [
            73.8559566,
            18.5191414
          ],
          [
            73.8556014,
            18.5191341
          ],
          [
            73.8555237,
            18.5191325
          ]
        ]
      }
    },
    {
      "type": "Feature",
      "id": "way/1117996523",
      "properties": {
        "highway": "residential"
      },
      "geometry": {
        "type": "LineString",
        "coordinates": [
          [
            73.8561283,
            18.5200921
          ],
          [
            73.8561976,
            18.5200948
          ],
          [
            73.8565376,
            18.5201083
          ]
        ]
      }
    },
    {
      "type": "Feature",
      "id": "way/1117996524",
      "properties": {
        "highway": "residential"
      },
      "geometry": {
        "type": "LineString",
        "coordinates": [
          [
            73.8575591,
            18.5202886
          ],
          [
            73.8576387,
            18.5202389
          ],
          [
            73.8577244,
            18.5202086
          ],
          [
            73.8578522,
            18.5201783
          ]
        ]
      }
    },
    {
      "type": "Feature",
      "id": "way/1117996525",
      "properties": {
        "highway": "residential"
      },
      "geometry": {
        "type": "LineString",
        "coordinates": [
          [
            73.8581147,
            18.5210141
          ],
          [
            73.8582294,
            18.5209756
          ],
          [
            73.8582639,
            18.5209456
          ],
          [
            73.8582888,
            18.5209047
          ],
          [
            73.8583041,
            18.5208802
          ],
          [
            73.8583348,
            18.5208557
          ],
          [
            73.8583798,
            18.5208548
          ],
          [
            73.858609,
            18.520907
          ]
        ]
      }
    },
    {
      "type": "Feature",
      "id": "way/1117996526",
      "properties": {
        "highway": "residential"
      },
      "geometry": {
        "type": "LineString",
        "coordinates": [
          [
            73.8600196,
            18.5211529
          ],
          [
            73.8597777,
            18.521161
          ]
        ]
      }
    },
    {
      "type": "Feature",
      "id": "way/1117996527",
      "properties": {
        "highway": "living_street"
      },
      "geometry": {
        "type": "LineString",
        "coordinates": [
          [
            73.8600182,
            18.5211198
          ],
          [
            73.8602355,
            18.5211688
          ],
          [
            73.8604148,
            18.5211845
          ],
          [
            73.8605866,
            18.5211744
          ]
        ]
      }
    },
    {
      "type": "Feature",
      "id": "way/1117996528",
      "properties": {
        "highway": "residential"
      },
      "geometry": {
        "type": "LineString",
        "coordinates": [
          [
            73.8588021,
            18.5180928
          ],
          [
            73.8590202,
            18.5180334
          ],
          [
            73.8591369,
            18.5180133
          ],
          [
            73.8595151,
            18.5179861
          ]
        ]
      }
    },
    {
      "type": "Feature",
      "id": "way/1117999813",
      "properties": {
        "highway": "service"
      },
      "geometry": {
        "type": "LineString",
        "coordinates": [
          [
            73.8583626,
            18.5162834
          ],
          [
            73.8584267,
            18.5158948
          ]
        ]
      }
    },
    {
      "type": "Feature",
      "id": "way/1117999814",
      "properties": {
        "highway": "service"
      },
      "geometry": {
        "type": "LineString",
        "coordinates": [
          [
            73.8589867,
            18.5164977
          ],
          [
            73.8585964,
            18.5165162
          ],
          [
            73.8585644,
            18.5165162
          ],
          [
            73.8585383,
            18.5165024
          ],
          [
            73.8585151,
            18.5162655
          ],
          [
            73.8585267,
            18.5162283
          ],
          [
            73.8585702,
            18.5161802
          ],
          [
            73.8589551,
            18.5161856
          ],
          [
            73.8590336,
            18.5161788
          ],
          [
            73.8590655,
            18.5161581
          ],
          [
            73.8590844,
            18.5161182
          ],
          [
            73.8591111,
            18.5159796
          ]
        ]
      }
    },
    {
      "type": "Feature",
      "id": "way/1117999816",
      "properties": {
        "highway": "residential"
      },
      "geometry": {
        "type": "LineString",
        "coordinates": [
          [
            73.8559106,
            18.5174059
          ],
          [
            73.8559119,
            18.5172143
          ]
        ]
      }
    },
    {
      "type": "Feature",
      "id": "way/1117999817",
      "properties": {
        "highway": "living_street"
      },
      "geometry": {
        "type": "LineString",
        "coordinates": [
          [
            73.8560571,
            18.5168709
          ],
          [
            73.8560583,
            18.5169166
          ],
          [
            73.8560461,
            18.5170895
          ]
        ]
      }
    },
    {
      "type": "Feature",
      "id": "way/1117999819",
      "properties": {
        "highway": "footway"
      },
      "geometry": {
        "type": "LineString",
        "coordinates": [
          [
            73.8544214,
            18.516659
          ],
          [
            73.8544162,
            18.5166785
          ],
          [
            73.8543667,
            18.5169546
          ]
        ]
      }
    },
    {
      "type": "Feature",
      "id": "way/1117999820",
      "properties": {
        "highway": "residential"
      },
      "geometry": {
        "type": "LineString",
        "coordinates": [
          [
            73.8534713,
            18.516959
          ],
          [
            73.8539039,
            18.5169543
          ],
          [
            73.8543035,
            18.517032
          ]
        ]
      }
    },
    {
      "type": "Feature",
      "id": "way/1117999821",
      "properties": {
        "highway": "service"
      },
      "geometry": {
        "type": "LineString",
        "coordinates": [
          [
            73.8538435,
            18.5182602
          ],
          [
            73.8539053,
            18.5182439
          ],
          [
            73.8539781,
            18.5182384
          ],
          [
            73.854053,
            18.5182565
          ]
        ]
      }
    },
    {
      "type": "Feature",
      "id": "way/1117999822",
      "properties": {
        "highway": "service"
      },
      "geometry": {
        "type": "LineString",
        "coordinates": [
          [
            73.8547121,
            18.5182538
          ],
          [
            73.8547447,
            18.5182541
          ],
          [
            73.8550371,
            18.5182563
          ]
        ]
      }
    },
    {
      "type": "Feature",
      "id": "way/1118006681",
      "properties": {
        "highway": "living_street"
      },
      "geometry": {
        "type": "LineString",
        "coordinates": [
          [
            73.8617962,
            18.5167081
          ],
          [
            73.8613837,
            18.5166772
          ],
          [
            73.8611754,
            18.5166576
          ],
          [
            73.8610836,
            18.5167972
          ],
          [
            73.8610469,
            18.5168566
          ],
          [
            73.8610263,
            18.5168808
          ],
          [
            73.8609993,
            18.5168943
          ],
          [
            73.8609804,
            18.5168919
          ],
          [
            73.8606966,
            18.5168153
          ],
          [
            73.8605411,
            18.5167614
          ]
        ]
      }
    },
    {
      "type": "Feature",
      "id": "way/1118006684",
      "properties": {
        "highway": "service"
      },
      "geometry": {
        "type": "LineString",
        "coordinates": [
          [
            73.8615585,
            18.5189373
          ],
          [
            73.8613216,
            18.5189221
          ],
          [
            73.8612992,
            18.5189053
          ],
          [
            73.8612839,
            18.5188774
          ],
          [
            73.8613181,
            18.5184478
          ]
        ]
      }
    },
    {
      "type": "Feature",
      "id": "way/1118006685",
      "properties": {
        "highway": "service"
      },
      "geometry": {
        "type": "LineString",
        "coordinates": [
          [
            73.8607785,
            18.5188164
          ],
          [
            73.8609146,
            18.5188069
          ],
          [
            73.8610385,
            18.5187968
          ],
          [
            73.8611152,
            18.5188169
          ],
          [
            73.8611647,
            18.5188427
          ],
          [
            73.8612119,
            18.5188885
          ],
          [
            73.8612697,
            18.5189445
          ]
        ]
      }
    },
    {
      "type": "Feature",
      "id": "way/1118012581",
      "properties": {
        "highway": "residential"
      },
      "geometry": {
        "type": "LineString",
        "coordinates": [
          [
            73.8579241,
            18.5187518
          ],
          [
            73.8579054,
            18.5189336
          ],
          [
            73.8577778,
            18.5192525
          ],
          [
            73.8578383,
            18.5192797
          ]
        ]
      }
    },
    {
      "type": "Feature",
      "id": "way/1118220782",
      "properties": {
        "highway": "service"
      },
      "geometry": {
        "type": "LineString",
        "coordinates": [
          [
            73.8538073,
            18.5160389
          ],
          [
            73.8541283,
            18.5160411
          ]
        ]
      }
    },
    {
      "type": "Feature",
      "id": "way/1118220783",
      "properties": {
        "highway": "service"
      },
      "geometry": {
        "type": "LineString",
        "coordinates": [
          [
            73.8537582,
            18.5155709
          ],
          [
            73.8542786,
            18.5155748
          ]
        ]
      }
    },
    {
      "type": "Feature",
      "id": "way/1118220784",
      "properties": {
        "highway": "service"
      },
      "geometry": {
        "type": "LineString",
        "coordinates": [
          [
            73.8537636,
            18.5153792
          ],
          [
            73.8538442,
            18.5153794
          ],
          [
            73.8539646,
            18.5153797
          ]
        ]
      }
    },
    {
      "type": "Feature",
      "id": "way/1118220785",
      "properties": {
        "highway": "living_street"
      },
      "geometry": {
        "type": "LineString",
        "coordinates": [
          [
            73.8544731,
            18.5149918
          ],
          [
            73.8545002,
            18.5149954
          ],
          [
            73.8545377,
            18.5149978
          ],
          [
            73.8548015,
            18.5150001
          ]
        ]
      }
    },
    {
      "type": "Feature",
      "id": "way/1118220786",
      "properties": {
        "highway": "service"
      },
      "geometry": {
        "type": "LineString",
        "coordinates": [
          [
            73.8541304,
            18.5140225
          ],
          [
            73.8541311,
            18.5139974
          ],
          [
            73.8541404,
            18.5136427
          ]
        ]
      }
    },
    {
      "type": "Feature",
      "id": "way/1118220787",
      "properties": {
        "highway": "service"
      },
      "geometry": {
        "type": "LineString",
        "coordinates": [
          [
            73.8529423,
            18.513783
          ],
          [
            73.8529422,
            18.5139721
          ]
        ]
      }
    },
    {
      "type": "Feature",
      "id": "way/1118220788",
      "properties": {
        "highway": "service"
      },
      "geometry": {
        "type": "LineString",
        "coordinates": [
          [
            73.8531668,
            18.5134498
          ],
          [
            73.8531054,
            18.5134475
          ],
          [
            73.8526096,
            18.5134287
          ]
        ]
      }
    },
    {
      "type": "Feature",
      "id": "way/1118220789",
      "properties": {
        "highway": "residential"
      },
      "geometry": {
        "type": "LineString",
        "coordinates": [
          [
            73.8524515,
            18.5131943
          ],
          [
            73.8527585,
            18.5132133
          ]
        ]
      }
    },
    {
      "type": "Feature",
      "id": "way/1118220790",
      "properties": {
        "highway": "residential"
      },
      "geometry": {
        "type": "LineString",
        "coordinates": [
          [
            73.8527644,
            18.5126934
          ],
          [
            73.8527617,
            18.5125435
          ]
        ]
      }
    },
    {
      "type": "Feature",
      "id": "way/1118220791",
      "properties": {
        "highway": "residential"
      },
      "geometry": {
        "type": "LineString",
        "coordinates": [
          [
            73.8575085,
            18.5129562
          ],
          [
            73.8574591,
            18.5129364
          ],
          [
            73.8572086,
            18.5128361
          ]
        ]
      }
    },
    {
      "type": "Feature",
      "id": "way/1118220792",
      "properties": {
        "highway": "residential"
      },
      "geometry": {
        "type": "LineString",
        "coordinates": [
          [
            73.8574569,
            18.513092
          ],
          [
            73.8575275,
            18.5131197
          ],
          [
            73.8577928,
            18.5132239
          ]
        ]
      }
    },
    {
      "type": "Feature",
      "id": "way/1118220793",
      "properties": {
        "highway": "residential"
      },
      "geometry": {
        "type": "LineString",
        "coordinates": [
          [
            73.8588709,
            18.5135277
          ],
          [
            73.858828,
            18.5133767
          ]
        ]
      }
    },
    {
      "type": "Feature",
      "id": "way/1118220794",
      "properties": {
        "highway": "residential"
      },
      "geometry": {
        "type": "LineString",
        "coordinates": [
          [
            73.8592879,
            18.5138094
          ],
          [
            73.8593181,
            18.5138076
          ],
          [
            73.8593402,
            18.5138146
          ],
          [
            73.8593557,
            18.5138317
          ],
          [
            73.8593574,
            18.5138571
          ],
          [
            73.8593624,
            18.5139303
          ]
        ]
      }
    },
    {
      "type": "Feature",
      "id": "way/1118220795",
      "properties": {
        "highway": "residential"
      },
      "geometry": {
        "type": "LineString",
        "coordinates": [
          [
            73.8593574,
            18.5138571
          ],
          [
            73.8595178,
            18.5138562
          ]
        ]
      }
    },
    {
      "type": "Feature",
      "id": "way/1118220796",
      "properties": {
        "highway": "residential"
      },
      "geometry": {
        "type": "LineString",
        "coordinates": [
          [
            73.8581715,
            18.514552
          ],
          [
            73.8578981,
            18.5145297
          ]
        ]
      }
    },
    {
      "type": "Feature",
      "id": "way/1118220797",
      "properties": {
        "highway": "residential"
      },
      "geometry": {
        "type": "LineString",
        "coordinates": [
          [
            73.8614161,
            18.5140614
          ],
          [
            73.8616725,
            18.5139322
          ],
          [
            73.8618847,
            18.5139345
          ]
        ]
      }
    },
    {
      "type": "Feature",
      "id": "way/1118220798",
      "properties": {
        "highway": "residential"
      },
      "geometry": {
        "type": "LineString",
        "coordinates": [
          [
            73.8619308,
            18.5146592
          ],
          [
            73.8622317,
            18.5146545
          ]
        ]
      }
    },
    {
      "type": "Feature",
      "id": "way/1118225465",
      "properties": {
        "highway": "service"
      },
      "geometry": {
        "type": "LineString",
        "coordinates": [
          [
            73.8537923,
            18.5102847
          ],
          [
            73.8536945,
            18.5102813
          ],
          [
            73.8534534,
            18.5102729
          ]
        ]
      }
    },
    {
      "type": "Feature",
      "id": "way/1118226850",
      "properties": {
        "highway": "service"
      },
      "geometry": {
        "type": "LineString",
        "coordinates": [
          [
            73.8558435,
            18.5134482
          ],
          [
            73.8558086,
            18.5135124
          ],
          [
            73.8558076,
            18.5135344
          ],
          [
            73.8557991,
            18.513716
          ]
        ]
      }
    },
    {
      "type": "Feature",
      "id": "way/1118238357",
      "properties": {
        "highway": "residential"
      },
      "geometry": {
        "type": "LineString",
        "coordinates": [
          [
            73.8585364,
            18.5124188
          ],
          [
            73.8587906,
            18.5124402
          ]
        ]
      }
    },
    {
      "type": "Feature",
      "id": "way/1118238358",
      "properties": {
        "highway": "residential"
      },
      "geometry": {
        "type": "LineString",
        "coordinates": [
          [
            73.8591266,
            18.5128515
          ],
          [
            73.8591563,
            18.5122878
          ]
        ]
      }
    },
    {
      "type": "Feature",
      "id": "way/1118238359",
      "properties": {
        "highway": "residential"
      },
      "geometry": {
        "type": "LineString",
        "coordinates": [
          [
            73.8591563,
            18.5122878
          ],
          [
            73.8591879,
            18.5122389
          ],
          [
            73.8592302,
            18.5122052
          ],
          [
            73.8592972,
            18.5121773
          ],
          [
            73.859364,
            18.5121438
          ],
          [
            73.8593912,
            18.5121193
          ],
          [
            73.8594289,
            18.5120399
          ],
          [
            73.8594454,
            18.5119582
          ],
          [
            73.8594592,
            18.5118024
          ]
        ]
      }
    },
    {
      "type": "Feature",
      "id": "way/1118238361",
      "properties": {
        "highway": "service"
      },
      "geometry": {
        "type": "LineString",
        "coordinates": [
          [
            73.8590392,
            18.510818
          ],
          [
            73.8593384,
            18.5108691
          ]
        ]
      }
    },
    {
      "type": "Feature",
      "id": "way/1118238362",
      "properties": {
        "highway": "service"
      },
      "geometry": {
        "type": "LineString",
        "coordinates": [
          [
            73.859696,
            18.5108608
          ],
          [
            73.8599012,
            18.5108599
          ]
        ]
      }
    },
    {
      "type": "Feature",
      "id": "way/1118238363",
      "properties": {
        "highway": "service"
      },
      "geometry": {
        "type": "LineString",
        "coordinates": [
          [
            73.8607358,
            18.5105814
          ],
          [
            73.8607511,
            18.5109053
          ]
        ]
      }
    },
    {
      "type": "Feature",
      "id": "way/1118268626",
      "properties": {
        "highway": "residential"
      },
      "geometry": {
        "type": "LineString",
        "coordinates": [
          [
            73.8603743,
            18.5118938
          ],
          [
            73.8607187,
            18.5119441
          ],
          [
            73.8607506,
            18.5119755
          ],
          [
            73.8607801,
            18.512009
          ],
          [
            73.8610989,
            18.5120298
          ]
        ]
      }
    },
    {
      "type": "Feature",
      "id": "way/1118268627",
      "properties": {
        "highway": "residential"
      },
      "geometry": {
        "type": "LineString",
        "coordinates": [
          [
            73.8618653,
            18.5126023
          ],
          [
            73.8620835,
            18.5126244
          ],
          [
            73.8621083,
            18.5126143
          ],
          [
            73.8621177,
            18.5125931
          ],
          [
            73.8621613,
            18.5124241
          ],
          [
            73.8621767,
            18.512404
          ],
          [
            73.8622062,
            18.5123973
          ],
          [
            73.8622888,
            18.5124096
          ]
        ]
      }
    },
    {
      "type": "Feature",
      "id": "way/1118268628",
      "properties": {
        "highway": "residential"
      },
      "geometry": {
        "type": "LineString",
        "coordinates": [
          [
            73.861922,
            18.5121134
          ],
          [
            73.862159,
            18.5121534
          ]
        ]
      }
    },
    {
      "type": "Feature",
      "id": "way/1118511466",
      "properties": {
        "highway": "residential"
      },
      "geometry": {
        "type": "LineString",
        "coordinates": [
          [
            73.8507974,
            18.5105609
          ],
          [
            73.8511993,
            18.5106064
          ],
          [
            73.8512261,
            18.5104537
          ]
        ]
      }
    },
    {
      "type": "Feature",
      "id": "way/1120037076",
      "properties": {
        "highway": "residential"
      },
      "geometry": {
        "type": "LineString",
        "coordinates": [
          [
            73.8597385,
            18.5123153
          ],
          [
            73.8596835,
            18.5122866
          ],
          [
            73.8595976,
            18.5122587
          ],
          [
            73.8595091,
            18.5122307
          ],
          [
            73.8594501,
            18.5121976
          ],
          [
            73.8594072,
            18.5121747
          ],
          [
            73.859364,
            18.5121438
          ]
        ]
      }
    },
    {
      "type": "Feature",
      "id": "way/1122235388",
      "properties": {
        "highway": "residential"
      },
      "geometry": {
        "type": "LineString",
        "coordinates": [
          [
            73.8609452,
            18.5220676
          ],
          [
            73.8610036,
            18.5218205
          ]
        ]
      }
    },
    {
      "type": "Feature",
      "id": "way/1122235389",
      "properties": {
        "highway": "residential"
      },
      "geometry": {
        "type": "LineString",
        "coordinates": [
          [
            73.8612823,
            18.5219448
          ],
          [
            73.8612046,
            18.5219101
          ],
          [
            73.8610036,
            18.5218205
          ]
        ]
      }
    },
    {
      "type": "Feature",
      "id": "way/1125400152",
      "properties": {
        "highway": "residential"
      },
      "geometry": {
        "type": "LineString",
        "coordinates": [
          [
            73.8518359,
            18.5202158
          ],
          [
            73.8516374,
            18.5201983
          ],
          [
            73.8516162,
            18.5201875
          ],
          [
            73.8516126,
            18.5201236
          ],
          [
            73.8515999,
            18.5201075
          ],
          [
            73.8513242,
            18.5200909
          ]
        ]
      }
    },
    {
      "type": "Feature",
      "id": "way/1126664102",
      "properties": {
        "name": "R. B. Kumthekar Marg",
        "highway": "tertiary"
      },
      "geometry": {
        "type": "LineString",
        "coordinates": [
          [
            73.8502,
            18.5134548
          ],
          [
            73.8506376,
            18.5135108
          ],
          [
            73.8522037,
            18.5137111
          ],
          [
            73.8524125,
            18.5136896
          ],
          [
            73.8525845,
            18.5136514
          ],
          [
            73.8528438,
            18.5136511
          ],
          [
            73.8529424,
            18.5136522
          ],
          [
            73.8531846,
            18.5136506
          ],
          [
            73.8536311,
            18.5136638
          ],
          [
            73.8538184,
            18.5136736
          ]
        ]
      }
    },
    {
      "type": "Feature",
      "id": "way/1126664103",
      "properties": {
        "name": "Vasudev Balvant Phadke Path",
        "highway": "tertiary"
      },
      "geometry": {
        "type": "LineString",
        "coordinates": [
          [
            73.8501151,
            18.5141854
          ],
          [
            73.8502,
            18.5134548
          ]
        ]
      }
    },
    {
      "type": "Feature",
      "id": "way/1138184589",
      "properties": {
        "highway": "footway"
      },
      "geometry": {
        "type": "LineString",
        "coordinates": [
          [
            73.8542825,
            18.5166348
          ],
          [
            73.8542911,
            18.5163505
          ],
          [
            73.8544588,
            18.5163573
          ],
          [
            73.8544676,
            18.5163577
          ]
        ]
      }
    },
    {
      "type": "Feature",
      "id": "way/1138184590",
      "properties": {
        "highway": "footway"
      },
      "geometry": {
        "type": "LineString",
        "coordinates": [
          [
            73.8542911,
            18.5163505
          ],
          [
            73.8542138,
            18.5163465
          ]
        ]
      }
    },
    {
      "type": "Feature",
      "id": "way/1145098566",
      "properties": {
        "highway": "footway"
      },
      "geometry": {
        "type": "LineString",
        "coordinates": [
          [
            73.8555208,
            18.5193039
          ],
          [
            73.8557238,
            18.5193069
          ],
          [
            73.8557243,
            18.5193336
          ]
        ]
      }
    },
    {
      "type": "Feature",
      "id": "way/1145098567",
      "properties": {
        "highway": "footway"
      },
      "geometry": {
        "type": "LineString",
        "coordinates": [
          [
            73.8551637,
            18.5190583
          ],
          [
            73.8555232,
            18.5190665
          ]
        ]
      }
    },
    {
      "type": "Feature",
      "id": "way/1145098568",
      "properties": {
        "highway": "footway"
      },
      "geometry": {
        "type": "LineString",
        "coordinates": [
          [
            73.8553266,
            18.5199551
          ],
          [
            73.85533,
            18.5196969
          ],
          [
            73.8551611,
            18.5196934
          ],
          [
            73.8551615,
            18.519409
          ]
        ]
      }
    },
    {
      "type": "Feature",
      "id": "way/1146882481",
      "properties": {
        "highway": "tertiary"
      },
      "geometry": {
        "type": "LineString",
        "coordinates": [
          [
            73.8535572,
            18.5209882
          ],
          [
            73.8535185,
            18.5210414
          ]
        ]
      }
    },
    {
      "type": "Feature",
      "id": "way/1146882482",
      "properties": {
        "highway": "tertiary"
      },
      "geometry": {
        "type": "LineString",
        "coordinates": [
          [
            73.8536543,
            18.5208414
          ],
          [
            73.8535811,
            18.520956
          ],
          [
            73.8535572,
            18.5209882
          ]
        ]
      }
    },
    {
      "type": "Feature",
      "id": "way/1146882483",
      "properties": {
        "highway": "tertiary"
      },
      "geometry": {
        "type": "LineString",
        "coordinates": [
          [
            73.8536281,
            18.5212222
          ],
          [
            73.8536486,
            18.5211686
          ],
          [
            73.8536664,
            18.5210615
          ],
          [
            73.8536711,
            18.5209974
          ],
          [
            73.853674,
            18.5209582
          ],
          [
            73.8536543,
            18.5208414
          ]
        ]
      }
    },
    {
      "type": "Feature",
      "id": "way/1147855038",
      "properties": {
        "name": "Chandrashekhar Agashe Road",
        "highway": "tertiary"
      },
      "geometry": {
        "type": "LineString",
        "coordinates": [
          [
            73.8534616,
            18.5210429
          ],
          [
            73.8532593,
            18.5209989
          ],
          [
            73.853193,
            18.5209931
          ],
          [
            73.8530561,
            18.5210012
          ],
          [
            73.8530104,
            18.5210095
          ]
        ]
      }
    },
    {
      "type": "Feature",
      "id": "way/1148198217",
      "properties": {
        "highway": "steps"
      },
      "geometry": {
        "type": "LineString",
        "coordinates": [
          [
            73.8553252,
            18.5199825
          ],
          [
            73.8553266,
            18.5199551
          ]
        ]
      }
    },
    {
      "type": "Feature",
      "id": "way/1148198218",
      "properties": {
        "highway": "footway"
      },
      "geometry": {
        "type": "LineString",
        "coordinates": [
          [
            73.8549471,
            18.5193485
          ],
          [
            73.8549484,
            18.5192957
          ]
        ]
      }
    },
    {
      "type": "Feature",
      "id": "way/1148198219",
      "properties": {
        "highway": "footway"
      },
      "geometry": {
        "type": "LineString",
        "coordinates": [
          [
            73.8551609,
            18.5192932
          ],
          [
            73.8549806,
            18.5192913
          ],
          [
            73.8549796,
            18.5193491
          ],
          [
            73.8549471,
            18.5193485
          ],
          [
            73.8549471,
            18.519393
          ]
        ]
      }
    },
    {
      "type": "Feature",
      "id": "way/1148198220",
      "properties": {
        "highway": "footway"
      },
      "geometry": {
        "type": "LineString",
        "coordinates": [
          [
            73.8549113,
            18.5192509
          ],
          [
            73.8549484,
            18.5192512
          ]
        ]
      }
    },
    {
      "type": "Feature",
      "id": "way/1148198221",
      "properties": {
        "highway": "footway"
      },
      "geometry": {
        "type": "LineString",
        "coordinates": [
          [
            73.8549083,
            18.5194362
          ],
          [
            73.8549471,
            18.5194369
          ]
        ]
      }
    },
    {
      "type": "Feature",
      "id": "way/1148198222",
      "properties": {
        "highway": "steps"
      },
      "geometry": {
        "type": "LineString",
        "coordinates": [
          [
            73.8549471,
            18.5194369
          ],
          [
            73.8549471,
            18.519393
          ]
        ]
      }
    },
    {
      "type": "Feature",
      "id": "way/1148198223",
      "properties": {
        "highway": "steps"
      },
      "geometry": {
        "type": "LineString",
        "coordinates": [
          [
            73.8549484,
            18.5192512
          ],
          [
            73.8549484,
            18.5192957
          ]
        ]
      }
    },
    {
      "type": "Feature",
      "id": "way/1148198230",
      "properties": {
        "highway": "footway"
      },
      "geometry": {
        "type": "LineString",
        "coordinates": [
          [
            73.8553296,
            18.5196356
          ],
          [
            73.8552662,
            18.5196352
          ],
          [
            73.8552658,
            18.5195001
          ],
          [
            73.8553992,
            18.5195035
          ],
          [
            73.8553971,
            18.5196373
          ],
          [
            73.8553296,
            18.5196356
          ]
        ]
      }
    },
    {
      "type": "Feature",
      "id": "way/1148414539",
      "properties": {
        "highway": "footway"
      },
      "geometry": {
        "type": "LineString",
        "coordinates": [
          [
            73.8556365,
            18.5196785
          ],
          [
            73.8559331,
            18.5196786
          ]
        ]
      }
    },
    {
      "type": "Feature",
      "id": "way/1149838569",
      "properties": {
        "highway": "corridor"
      },
      "geometry": {
        "type": "LineString",
        "coordinates": [
          [
            73.8553068,
            18.5201368
          ],
          [
            73.8553085,
            18.5200819
          ],
          [
            73.8552659,
            18.520081
          ],
          [
            73.8552686,
            18.5200084
          ]
        ]
      }
    },
    {
      "type": "Feature",
      "id": "way/1149838570",
      "properties": {
        "highway": "footway"
      },
      "geometry": {
        "type": "LineString",
        "coordinates": [
          [
            73.8552686,
            18.5200084
          ],
          [
            73.8552694,
            18.5199817
          ]
        ]
      }
    },
    {
      "type": "Feature",
      "id": "way/1149838572",
      "properties": {
        "highway": "steps"
      },
      "geometry": {
        "type": "LineString",
        "coordinates": [
          [
            73.8553974,
            18.5200111
          ],
          [
            73.8553966,
            18.5200316
          ],
          [
            73.8553563,
            18.5200308
          ]
        ]
      }
    },
    {
      "type": "Feature",
      "id": "way/1149838573",
      "properties": {
        "highway": "corridor"
      },
      "geometry": {
        "type": "LineString",
        "coordinates": [
          [
            73.8553563,
            18.5200308
          ],
          [
            73.8552971,
            18.5200298
          ],
          [
            73.8552004,
            18.5200277
          ],
          [
            73.8551987,
            18.5201043
          ],
          [
            73.8552137,
            18.5201046
          ],
          [
            73.8553978,
            18.5201082
          ],
          [
            73.8554066,
            18.5201084
          ],
          [
            73.8554081,
            18.5200421
          ],
          [
            73.8552969,
            18.5200399
          ],
          [
            73.8552971,
            18.5200298
          ]
        ]
      }
    },
    {
      "type": "Feature",
      "id": "way/1149838574",
      "properties": {
        "highway": "corridor"
      },
      "geometry": {
        "type": "LineString",
        "coordinates": [
          [
            73.8552137,
            18.5201046
          ],
          [
            73.8552135,
            18.5201155
          ],
          [
            73.855213,
            18.5201468
          ]
        ]
      }
    },
    {
      "type": "Feature",
      "id": "way/1149838575",
      "properties": {
        "highway": "corridor"
      },
      "geometry": {
        "type": "LineString",
        "coordinates": [
          [
            73.8553978,
            18.5201082
          ],
          [
            73.8553972,
            18.5201193
          ],
          [
            73.8553956,
            18.5201491
          ]
        ]
      }
    },
    {
      "type": "Feature",
      "id": "way/1149838578",
      "properties": {
        "highway": "footway"
      },
      "geometry": {
        "type": "LineString",
        "coordinates": [
          [
            73.8553068,
            18.5201368
          ],
          [
            73.8553058,
            18.520189
          ]
        ]
      }
    },
    {
      "type": "Feature",
      "id": "way/1160151099",
      "properties": {
        "highway": "residential"
      },
      "geometry": {
        "type": "LineString",
        "coordinates": [
          [
            73.8530729,
            18.5104569
          ],
          [
            73.8538173,
            18.5105598
          ]
        ]
      }
    },
    {
      "type": "Feature",
      "id": "way/1160151100",
      "properties": {
        "name": "Bajirao Road",
        "highway": "trunk"
      },
      "geometry": {
        "type": "LineString",
        "coordinates": [
          [
            73.8538173,
            18.5105598
          ],
          [
            73.8537891,
            18.5112422
          ]
        ]
      }
    },
    {
      "type": "Feature",
      "id": "way/1160159582",
      "properties": {
        "name": "Bajirao Road",
        "highway": "trunk"
      },
      "geometry": {
        "type": "LineString",
        "coordinates": [
          [
            73.8536852,
            18.5066985
          ],
          [
            73.8536883,
            18.5067568
          ],
          [
            73.853687,
            18.507378
          ],
          [
            73.8536884,
            18.5074326
          ],
          [
            73.8536954,
            18.5076947
          ],
          [
            73.8536966,
            18.5078494
          ],
          [
            73.8536986,
            18.5080976
          ],
          [
            73.8537032,
            18.5085515
          ],
          [
            73.8537249,
            18.5090266
          ],
          [
            73.8537497,
            18.509596
          ],
          [
            73.8537554,
            18.5097605
          ],
          [
            73.8537619,
            18.5099513
          ],
          [
            73.8537923,
            18.5102847
          ],
          [
            73.8538173,
            18.5105598
          ]
        ]
      }
    },
    {
      "type": "Feature",
      "id": "way/1160338409",
      "properties": {
        "name": "Moreshwar Chintaman Chandrachud Path",
        "highway": "residential"
      },
      "geometry": {
        "type": "LineString",
        "coordinates": [
          [
            73.8537891,
            18.5112422
          ],
          [
            73.8539535,
            18.5112447
          ]
        ]
      }
    },
    {
      "type": "Feature",
      "id": "way/1160338410",
      "properties": {
        "name": "Shankarrao Vaidya Path",
        "highway": "residential"
      },
      "geometry": {
        "type": "LineString",
        "coordinates": [
          [
            73.8536246,
            18.5112439
          ],
          [
            73.8537891,
            18.5112422
          ]
        ]
      }
    },
    {
      "type": "Feature",
      "id": "way/1160338411",
      "properties": {
        "name": "Bajirao Road",
        "highway": "trunk"
      },
      "geometry": {
        "type": "LineString",
        "coordinates": [
          [
            73.8537891,
            18.5112422
          ],
          [
            73.8538073,
            18.5118551
          ],
          [
            73.8538301,
            18.5125021
          ],
          [
            73.8538396,
            18.5130271
          ],
          [
            73.8538452,
            18.5133364
          ]
        ]
      }
    },
    {
      "type": "Feature",
      "id": "way/1161977538",
      "properties": {
        "highway": "residential"
      },
      "geometry": {
        "type": "LineString",
        "coordinates": [
          [
            73.8551277,
            18.5117379
          ],
          [
            73.8551321,
            18.5115697
          ],
          [
            73.8551405,
            18.5112627
          ],
          [
            73.8551312,
            18.5108361
          ],
          [
            73.8551414,
            18.5106339
          ],
          [
            73.8552468,
            18.5101098
          ],
          [
            73.8553085,
            18.5099343
          ],
          [
            73.8553342,
            18.5095693
          ],
          [
            73.8553526,
            18.5094491
          ],
          [
            73.8553728,
            18.5092056
          ],
          [
            73.8554088,
            18.5089448
          ],
          [
            73.8554464,
            18.5087376
          ]
        ]
      }
    },
    {
      "type": "Feature",
      "id": "way/1161977539",
      "properties": {
        "highway": "residential"
      },
      "geometry": {
        "type": "LineString",
        "coordinates": [
          [
            73.8551172,
            18.5118773
          ],
          [
            73.8551252,
            18.5118326
          ]
        ]
      }
    },
    {
      "type": "Feature",
      "id": "way/1161977540",
      "properties": {
        "highway": "residential"
      },
      "geometry": {
        "type": "LineString",
        "coordinates": [
          [
            73.8551252,
            18.5118326
          ],
          [
            73.8551277,
            18.5117379
          ]
        ]
      }
    },
    {
      "type": "Feature",
      "id": "way/1161977541",
      "properties": {
        "highway": "residential"
      },
      "geometry": {
        "type": "LineString",
        "coordinates": [
          [
            73.8552083,
            18.5118375
          ],
          [
            73.8551252,
            18.5118326
          ]
        ]
      }
    },
    {
      "type": "Feature",
      "id": "way/1161989187",
      "properties": {
        "name": "Harihareshwar Mandir Marg",
        "highway": "residential"
      },
      "geometry": {
        "type": "LineString",
        "coordinates": [
          [
            73.8538303,
            18.5183575
          ],
          [
            73.8538435,
            18.5182602
          ],
          [
            73.8538495,
            18.518216
          ],
          [
            73.8538681,
            18.5181762
          ],
          [
            73.8539094,
            18.5181466
          ],
          [
            73.8540003,
            18.5181184
          ]
        ]
      }
    },
    {
      "type": "Feature",
      "id": "way/1162339084",
      "properties": {
        "highway": "tertiary"
      },
      "geometry": {
        "type": "LineString",
        "coordinates": [
          [
            73.8591525,
            18.5105172
          ],
          [
            73.8591641,
            18.5104681
          ],
          [
            73.8592271,
            18.5102017
          ],
          [
            73.8592644,
            18.5099914
          ],
          [
            73.8592879,
            18.5098337
          ],
          [
            73.8593058,
            18.5097553
          ],
          [
            73.8593423,
            18.5096739
          ],
          [
            73.8593747,
            18.5096426
          ],
          [
            73.8594266,
            18.5096058
          ]
        ]
      }
    },
    {
      "type": "Feature",
      "id": "way/1162366573",
      "properties": {
        "highway": "living_street"
      },
      "geometry": {
        "type": "LineString",
        "coordinates": [
          [
            73.8544731,
            18.5149918
          ],
          [
            73.8540941,
            18.5149873
          ]
        ]
      }
    },
    {
      "type": "Feature",
      "id": "way/1162366612",
      "properties": {
        "highway": "living_street"
      },
      "geometry": {
        "type": "LineString",
        "coordinates": [
          [
            73.8556632,
            18.5159029
          ],
          [
            73.8562213,
            18.5159426
          ],
          [
            73.8562748,
            18.5159465
          ]
        ]
      }
    },
    {
      "type": "Feature",
      "id": "way/1162366613",
      "properties": {
        "highway": "living_street"
      },
      "geometry": {
        "type": "LineString",
        "coordinates": [
          [
            73.8552864,
            18.5160085
          ],
          [
            73.8562177,
            18.5160581
          ],
          [
            73.8562699,
            18.5160609
          ]
        ]
      }
    },
    {
      "type": "Feature",
      "id": "way/1162366632",
      "properties": {
        "highway": "service"
      },
      "geometry": {
        "type": "LineString",
        "coordinates": [
          [
            73.8556197,
            18.516567
          ],
          [
            73.855823,
            18.5165677
          ],
          [
            73.8558211,
            18.5168361
          ],
          [
            73.8558211,
            18.5168405
          ],
          [
            73.8558208,
            18.5168734
          ]
        ]
      }
    },
    {
      "type": "Feature",
      "id": "way/1162366633",
      "properties": {
        "highway": "residential"
      },
      "geometry": {
        "type": "LineString",
        "coordinates": [
          [
            73.8549176,
            18.5164979
          ],
          [
            73.8552019,
            18.5164957
          ],
          [
            73.8554945,
            18.5164935
          ],
          [
            73.8555619,
            18.5164917
          ]
        ]
      }
    },
    {
      "type": "Feature",
      "id": "way/1162385870",
      "properties": {
        "name": "Kalika Devi Marg",
        "highway": "residential"
      },
      "geometry": {
        "type": "LineString",
        "coordinates": [
          [
            73.8589412,
            18.5183641
          ],
          [
            73.8590175,
            18.5184275
          ],
          [
            73.8593588,
            18.5187144
          ]
        ]
      }
    },
    {
      "type": "Feature",
      "id": "way/1162390050",
      "properties": {
        "highway": "service"
      },
      "geometry": {
        "type": "LineString",
        "coordinates": [
          [
            73.8553654,
            18.5185335
          ],
          [
            73.8553652,
            18.5184911
          ],
          [
            73.8553628,
            18.5179236
          ]
        ]
      }
    },
    {
      "type": "Feature",
      "id": "way/1162390051",
      "properties": {
        "highway": "living_street"
      },
      "geometry": {
        "type": "LineString",
        "coordinates": [
          [
            73.8580061,
            18.5180902
          ],
          [
            73.8580076,
            18.5178274
          ]
        ]
      }
    },
    {
      "type": "Feature",
      "id": "way/1162394881",
      "properties": {
        "highway": "living_street"
      },
      "geometry": {
        "type": "LineString",
        "coordinates": [
          [
            73.8587625,
            18.5172503
          ],
          [
            73.8588393,
            18.5169106
          ]
        ]
      }
    },
    {
      "type": "Feature",
      "id": "way/1162442950",
      "properties": {
        "name": "Niranjav Madhav Marg",
        "highway": "residential"
      },
      "geometry": {
        "type": "LineString",
        "coordinates": [
          [
            73.8520595,
            18.5197582
          ],
          [
            73.8524018,
            18.5198208
          ],
          [
            73.8525397,
            18.5198573
          ],
          [
            73.8526431,
            18.5198984
          ],
          [
            73.85276,
            18.5199573
          ],
          [
            73.8528726,
            18.5200289
          ],
          [
            73.8529908,
            18.520079
          ],
          [
            73.8530941,
            18.5201005
          ]
        ]
      }
    },
    {
      "type": "Feature",
      "id": "way/1162442951",
      "properties": {
        "name": "Niranjav Madhav Marg",
        "highway": "residential"
      },
      "geometry": {
        "type": "LineString",
        "coordinates": [
          [
            73.8530941,
            18.5201005
          ],
          [
            73.853469,
            18.5201789
          ],
          [
            73.8536162,
            18.5202104
          ],
          [
            73.8536831,
            18.5202246
          ],
          [
            73.8536745,
            18.5202609
          ],
          [
            73.8536785,
            18.5203544
          ],
          [
            73.8537253,
            18.5204114
          ],
          [
            73.8537773,
            18.5204225
          ],
          [
            73.8538256,
            18.5204329
          ]
        ]
      }
    },
    {
      "type": "Feature",
      "id": "way/1162738779",
      "properties": {
        "highway": "living_street"
      },
      "geometry": {
        "type": "LineString",
        "coordinates": [
          [
            73.8510542,
            18.5154257
          ],
          [
            73.8510701,
            18.5164004
          ]
        ]
      }
    },
    {
      "type": "Feature",
      "id": "way/1164045942",
      "properties": {
        "name": "R. B. Kumthekar Marg",
        "highway": "tertiary"
      },
      "geometry": {
        "type": "LineString",
        "coordinates": [
          [
            73.8484952,
            18.5132652
          ],
          [
            73.8497745,
            18.5134075
          ],
          [
            73.8502,
            18.5134548
          ]
        ]
      }
    },
    {
      "type": "Feature",
      "id": "way/1164098019",
      "properties": {
        "highway": "living_street"
      },
      "geometry": {
        "type": "LineString",
        "coordinates": [
          [
            73.8603812,
            18.5208591
          ],
          [
            73.8603289,
            18.5204466
          ],
          [
            73.8603812,
            18.5204402
          ],
          [
            73.8603464,
            18.5202101
          ],
          [
            73.8606819,
            18.5201803
          ]
        ]
      }
    },
    {
      "type": "Feature",
      "id": "way/1166044250",
      "properties": {
        "highway": "residential"
      },
      "geometry": {
        "type": "LineString",
        "coordinates": [
          [
            73.8568892,
            18.5157451
          ],
          [
            73.8568897,
            18.5157071
          ],
          [
            73.8568903,
            18.5156598
          ],
          [
            73.8569047,
            18.5155253
          ],
          [
            73.8569502,
            18.5153455
          ],
          [
            73.8571055,
            18.5148843
          ]
        ]
      }
    },
    {
      "type": "Feature",
      "id": "way/1166073558",
      "properties": {
        "highway": "residential"
      },
      "geometry": {
        "type": "LineString",
        "coordinates": [
          [
            73.8612346,
            18.5174479
          ],
          [
            73.8611721,
            18.5174384
          ],
          [
            73.8608413,
            18.5173887
          ],
          [
            73.8607142,
            18.5173695
          ],
          [
            73.8604557,
            18.5173306
          ]
        ]
      }
    },
    {
      "type": "Feature",
      "id": "way/1166073559",
      "properties": {
        "highway": "residential"
      },
      "geometry": {
        "type": "LineString",
        "coordinates": [
          [
            73.8616658,
            18.5179984
          ],
          [
            73.8614875,
            18.5179917
          ],
          [
            73.8614295,
            18.5179846
          ],
          [
            73.8613451,
            18.5179619
          ]
        ]
      }
    },
    {
      "type": "Feature",
      "id": "way/1181348131",
      "properties": {
        "highway": "residential"
      },
      "geometry": {
        "type": "LineString",
        "coordinates": [
          [
            73.8590572,
            18.5195128
          ],
          [
            73.8589663,
            18.5195596
          ],
          [
            73.8587588,
            18.5196263
          ],
          [
            73.8587088,
            18.5196634
          ],
          [
            73.858661,
            18.5196761
          ],
          [
            73.8585028,
            18.5196811
          ],
          [
            73.8583539,
            18.5196684
          ],
          [
            73.858266,
            18.5196596
          ],
          [
            73.8582114,
            18.5196655
          ],
          [
            73.8581749,
            18.5196862
          ],
          [
            73.8581586,
            18.5197076
          ]
        ]
      }
    },
    {
      "type": "Feature",
      "id": "way/1183305262",
      "properties": {
        "highway": "living_street"
      },
      "geometry": {
        "type": "LineString",
        "coordinates": [
          [
            73.8555238,
            18.5152814
          ],
          [
            73.8555058,
            18.5153158
          ],
          [
            73.8554607,
            18.5154019
          ],
          [
            73.8554308,
            18.5154102
          ],
          [
            73.8552052,
            18.5152855
          ],
          [
            73.8550005,
            18.5151986
          ],
          [
            73.8549641,
            18.5151832
          ]
        ]
      }
    },
    {
      "type": "Feature",
      "id": "way/1183321761",
      "properties": {
        "highway": "residential"
      },
      "geometry": {
        "type": "LineString",
        "coordinates": [
          [
            73.8559131,
            18.5126126
          ],
          [
            73.8561687,
            18.5124737
          ]
        ]
      }
    },
    {
      "type": "Feature",
      "id": "way/1184123611",
      "properties": {
        "highway": "residential"
      },
      "geometry": {
        "type": "LineString",
        "coordinates": [
          [
            73.859939,
            18.5163388
          ],
          [
            73.8599443,
            18.5160215
          ]
        ]
      }
    },
    {
      "type": "Feature",
      "id": "way/1184124195",
      "properties": {
        "highway": "residential"
      },
      "geometry": {
        "type": "LineString",
        "coordinates": [
          [
            73.8544921,
            18.5147235
          ],
          [
            73.8544745,
            18.5149477
          ],
          [
            73.8544731,
            18.5149918
          ]
        ]
      }
    },
    {
      "type": "Feature",
      "id": "way/1184129835",
      "properties": {
        "highway": "living_street"
      },
      "geometry": {
        "type": "LineString",
        "coordinates": [
          [
            73.8600559,
            18.5100455
          ],
          [
            73.8600573,
            18.5100168
          ],
          [
            73.860059,
            18.5099931
          ],
          [
            73.8600631,
            18.5099532
          ],
          [
            73.8600709,
            18.5098999
          ],
          [
            73.860082,
            18.5098425
          ],
          [
            73.8600943,
            18.5097914
          ],
          [
            73.8601063,
            18.509735
          ],
          [
            73.8601121,
            18.5096903
          ],
          [
            73.8601213,
            18.509628
          ],
          [
            73.8601359,
            18.5095633
          ],
          [
            73.8601436,
            18.5095324
          ],
          [
            73.8601616,
            18.5095152
          ],
          [
            73.860178,
            18.5095074
          ],
          [
            73.8601928,
            18.5094989
          ],
          [
            73.8601996,
            18.5094851
          ],
          [
            73.8602066,
            18.5094359
          ],
          [
            73.860214,
            18.5093848
          ],
          [
            73.860222,
            18.5093271
          ],
          [
            73.860226,
            18.5093012
          ],
          [
            73.860235,
            18.5092852
          ],
          [
            73.8602477,
            18.5092722
          ],
          [
            73.8602712,
            18.5092675
          ],
          [
            73.8602869,
            18.5092637
          ],
          [
            73.8602931,
            18.509242
          ],
          [
            73.8603008,
            18.5092016
          ],
          [
            73.8603182,
            18.5090914
          ]
        ]
      }
    },
    {
      "type": "Feature",
      "id": "way/1200784402",
      "properties": {
        "name": "Amrale Road",
        "highway": "residential"
      },
      "geometry": {
        "type": "LineString",
        "coordinates": [
          [
            73.8571542,
            18.5125707
          ],
          [
            73.8575323,
            18.512661
          ],
          [
            73.8576133,
            18.5126803
          ]
        ]
      }
    },
    {
      "type": "Feature",
      "id": "way/1200789837",
      "properties": {
        "highway": "residential"
      },
      "geometry": {
        "type": "LineString",
        "coordinates": [
          [
            73.8608461,
            18.5159729
          ],
          [
            73.8606409,
            18.5165
          ]
        ]
      }
    },
    {
      "type": "Feature",
      "id": "way/1200789838",
      "properties": {
        "highway": "residential"
      },
      "geometry": {
        "type": "LineString",
        "coordinates": [
          [
            73.8605757,
            18.5161397
          ],
          [
            73.8604635,
            18.5164196
          ],
          [
            73.8604645,
            18.5164377
          ],
          [
            73.8606409,
            18.5165
          ]
        ]
      }
    },
    {
      "type": "Feature",
      "id": "way/1200790880",
      "properties": {
        "highway": "service"
      },
      "geometry": {
        "type": "LineString",
        "coordinates": [
          [
            73.8529424,
            18.5136522
          ],
          [
            73.8529423,
            18.513783
          ]
        ]
      }
    },
    {
      "type": "Feature",
      "id": "way/1201477339",
      "properties": {
        "highway": "residential"
      },
      "geometry": {
        "type": "LineString",
        "coordinates": [
          [
            73.8582907,
            18.5115264
          ],
          [
            73.8582928,
            18.5114797
          ],
          [
            73.8583251,
            18.5107771
          ]
        ]
      }
    },
    {
      "type": "Feature",
      "id": "way/1218695582",
      "properties": {
        "highway": "living_street"
      },
      "geometry": {
        "type": "LineString",
        "coordinates": [
          [
            73.8610844,
            18.5165511
          ],
          [
            73.8611754,
            18.5166576
          ]
        ]
      }
    },
    {
      "type": "Feature",
      "id": "way/1218695583",
      "properties": {
        "highway": "residential"
      },
      "geometry": {
        "type": "LineString",
        "coordinates": [
          [
            73.8617892,
            18.5168887
          ],
          [
            73.8620901,
            18.5168984
          ]
        ]
      }
    },
    {
      "type": "Feature",
      "id": "way/1228269461",
      "properties": {
        "highway": "living_street"
      },
      "geometry": {
        "type": "LineString",
        "coordinates": [
          [
            73.8545738,
            18.5140485
          ],
          [
            73.8545796,
            18.5137143
          ]
        ]
      }
    },
    {
      "type": "Feature",
      "id": "way/1228269462",
      "properties": {
        "highway": "living_street"
      },
      "geometry": {
        "type": "LineString",
        "coordinates": [
          [
            73.8544023,
            18.5140279
          ],
          [
            73.854408,
            18.5136711
          ]
        ]
      }
    },
    {
      "type": "Feature",
      "id": "way/1229442705",
      "properties": {
        "highway": "living_street"
      },
      "geometry": {
        "type": "LineString",
        "coordinates": [
          [
            73.8617894,
            18.5212013
          ],
          [
            73.8617934,
            18.5213585
          ],
          [
            73.8618311,
            18.5213576
          ],
          [
            73.8618335,
            18.5214499
          ]
        ]
      }
    },
    {
      "type": "Feature",
      "id": "way/1229442739",
      "properties": {
        "highway": "living_street"
      },
      "geometry": {
        "type": "LineString",
        "coordinates": [
          [
            73.861483,
            18.521593
          ],
          [
            73.8617919,
            18.521605
          ]
        ]
      }
    },
    {
      "type": "Feature",
      "id": "way/1229442748",
      "properties": {
        "highway": "living_street"
      },
      "geometry": {
        "type": "LineString",
        "coordinates": [
          [
            73.8619151,
            18.521453
          ],
          [
            73.8618335,
            18.5214499
          ],
          [
            73.8616262,
            18.5214418
          ],
          [
            73.8616252,
            18.5214637
          ],
          [
            73.8614887,
            18.5214584
          ],
          [
            73.861483,
            18.521593
          ],
          [
            73.8614786,
            18.5216959
          ],
          [
            73.8614747,
            18.5217862
          ]
        ]
      }
    },
    {
      "type": "Feature",
      "id": "way/1229442749",
      "properties": {
        "highway": "living_street"
      },
      "geometry": {
        "type": "LineString",
        "coordinates": [
          [
            73.8617066,
            18.5217047
          ],
          [
            73.8616991,
            18.5218797
          ]
        ]
      }
    },
    {
      "type": "Feature",
      "id": "way/1229442750",
      "properties": {
        "highway": "living_street"
      },
      "geometry": {
        "type": "LineString",
        "coordinates": [
          [
            73.8614786,
            18.5216959
          ],
          [
            73.861518,
            18.5216974
          ],
          [
            73.8617066,
            18.5217047
          ],
          [
            73.8619133,
            18.5217126
          ]
        ]
      }
    },
    {
      "type": "Feature",
      "id": "way/1234568023",
      "properties": {
        "highway": "footway"
      },
      "geometry": {
        "type": "LineString",
        "coordinates": [
          [
            73.8561716,
            18.517407
          ],
          [
            73.8561725,
            18.5169357
          ],
          [
            73.8561712,
            18.5169266
          ],
          [
            73.8561682,
            18.5169215
          ],
          [
            73.8561615,
            18.5169171
          ],
          [
            73.8561577,
            18.5169159
          ],
          [
            73.8561538,
            18.516915
          ],
          [
            73.8561242,
            18.516915
          ],
          [
            73.8560583,
            18.5169166
          ]
        ]
      }
    },
    {
      "type": "Feature",
      "id": "way/1234568024",
      "properties": {
        "highway": "footway"
      },
      "geometry": {
        "type": "LineString",
        "coordinates": [
          [
            73.8562912,
            18.517279
          ],
          [
            73.8562921,
            18.5171183
          ],
          [
            73.8562979,
            18.5169908
          ],
          [
            73.856302,
            18.5169725
          ],
          [
            73.8563051,
            18.5169632
          ],
          [
            73.8563248,
            18.516945
          ],
          [
            73.8563414,
            18.5169341
          ],
          [
            73.8563811,
            18.5169106
          ],
          [
            73.8564012,
            18.5169051
          ],
          [
            73.8564544,
            18.5169043
          ],
          [
            73.8566073,
            18.5169005
          ],
          [
            73.8568438,
            18.5169051
          ],
          [
            73.8572993,
            18.5169081
          ],
          [
            73.857669,
            18.5169123
          ],
          [
            73.8580315,
            18.516917
          ],
          [
            73.8580405,
            18.5169238
          ],
          [
            73.8580552,
            18.5169412
          ],
          [
            73.8580628,
            18.5169513
          ],
          [
            73.8580762,
            18.516956
          ]
        ]
      }
    },
    {
      "type": "Feature",
      "id": "way/1234568025",
      "properties": {
        "highway": "footway"
      },
      "geometry": {
        "type": "LineString",
        "coordinates": [
          [
            73.8561952,
            18.5169356
          ],
          [
            73.8562528,
            18.5169354
          ],
          [
            73.8563274,
            18.5169345
          ]
        ]
      }
    },
    {
      "type": "Feature",
      "id": "way/1234568026",
      "properties": {
        "highway": "footway"
      },
      "geometry": {
        "type": "LineString",
        "coordinates": [
          [
            73.8563274,
            18.5169345
          ],
          [
            73.8563414,
            18.5169341
          ]
        ]
      }
    },
    {
      "type": "Feature",
      "id": "way/1234568027",
      "properties": {
        "highway": "footway"
      },
      "geometry": {
        "type": "LineString",
        "coordinates": [
          [
            73.8561725,
            18.5169357
          ],
          [
            73.8561952,
            18.5169356
          ]
        ]
      }
    },
    {
      "type": "Feature",
      "id": "way/1234568028",
      "properties": {
        "highway": "footway"
      },
      "geometry": {
        "type": "LineString",
        "coordinates": [
          [
            73.856887,
            18.5158009
          ],
          [
            73.8568046,
            18.5157852
          ],
          [
            73.8564205,
            18.5157463
          ],
          [
            73.8563508,
            18.5157431
          ],
          [
            73.8563349,
            18.5157443
          ],
          [
            73.8563278,
            18.5157515
          ],
          [
            73.8563201,
            18.5158427
          ],
          [
            73.8563136,
            18.5160978
          ],
          [
            73.8563054,
            18.5163232
          ],
          [
            73.8562977,
            18.5166442
          ],
          [
            73.8562965,
            18.5167746
          ],
          [
            73.8563024,
            18.5167969
          ],
          [
            73.8563256,
            18.5168176
          ],
          [
            73.856372,
            18.5168361
          ],
          [
            73.8564286,
            18.5168461
          ],
          [
            73.8566451,
            18.5168495
          ],
          [
            73.8568462,
            18.5168567
          ]
        ]
      }
    },
    {
      "type": "Feature",
      "id": "way/1234568029",
      "properties": {
        "highway": "footway"
      },
      "geometry": {
        "type": "LineString",
        "coordinates": [
          [
            73.8563274,
            18.5169345
          ],
          [
            73.8563265,
            18.5168702
          ],
          [
            73.856326,
            18.5168296
          ]
        ]
      }
    },
    {
      "type": "Feature",
      "id": "way/1234568030",
      "properties": {
        "highway": "footway"
      },
      "geometry": {
        "type": "LineString",
        "coordinates": [
          [
            73.856326,
            18.5168296
          ],
          [
            73.8563256,
            18.5168176
          ]
        ]
      }
    },
    {
      "type": "Feature",
      "id": "way/1234568791",
      "properties": {
        "highway": "footway"
      },
      "geometry": {
        "type": "LineString",
        "coordinates": [
          [
            73.8558211,
            18.5168405
          ],
          [
            73.8560874,
            18.5168337
          ],
          [
            73.8561688,
            18.5168315
          ],
          [
            73.8561797,
            18.5168312
          ],
          [
            73.8561877,
            18.5168281
          ],
          [
            73.8561941,
            18.5168237
          ],
          [
            73.8561967,
            18.5168171
          ],
          [
            73.8561986,
            18.5168122
          ],
          [
            73.8562027,
            18.5167697
          ],
          [
            73.8562025,
            18.5166145
          ],
          [
            73.8562107,
            18.5162845
          ]
        ]
      }
    },
    {
      "type": "Feature",
      "id": "way/1234568792",
      "properties": {
        "highway": "footway"
      },
      "geometry": {
        "type": "LineString",
        "coordinates": [
          [
            73.8561687,
            18.5168419
          ],
          [
            73.8561685,
            18.5168681
          ],
          [
            73.8561683,
            18.5169064
          ]
        ]
      }
    },
    {
      "type": "Feature",
      "id": "way/1234568793",
      "properties": {
        "highway": "footway"
      },
      "geometry": {
        "type": "LineString",
        "coordinates": [
          [
            73.8561683,
            18.5169064
          ],
          [
            73.8561682,
            18.5169215
          ]
        ]
      }
    },
    {
      "type": "Feature",
      "id": "way/1234568794",
      "properties": {
        "highway": "footway"
      },
      "geometry": {
        "type": "LineString",
        "coordinates": [
          [
            73.8561688,
            18.5168315
          ],
          [
            73.8561687,
            18.5168419
          ]
        ]
      }
    },
    {
      "type": "Feature",
      "id": "way/1234568795",
      "properties": {
        "highway": "footway"
      },
      "geometry": {
        "type": "LineString",
        "coordinates": [
          [
            73.8562066,
            18.5168172
          ],
          [
            73.8562547,
            18.5168173
          ],
          [
            73.856307,
            18.5168175
          ]
        ]
      }
    },
    {
      "type": "Feature",
      "id": "way/1234568796",
      "properties": {
        "highway": "footway"
      },
      "geometry": {
        "type": "LineString",
        "coordinates": [
          [
            73.8561967,
            18.5168171
          ],
          [
            73.8562066,
            18.5168172
          ]
        ]
      }
    },
    {
      "type": "Feature",
      "id": "way/1234568797",
      "properties": {
        "highway": "footway"
      },
      "geometry": {
        "type": "LineString",
        "coordinates": [
          [
            73.856307,
            18.5168175
          ],
          [
            73.8563256,
            18.5168176
          ]
        ]
      }
    },
    {
      "type": "Feature",
      "id": "way/1234574682",
      "properties": {
        "highway": "footway"
      },
      "geometry": {
        "type": "LineString",
        "coordinates": [
          [
            73.8562107,
            18.5162845
          ],
          [
            73.8562177,
            18.5160581
          ],
          [
            73.8562213,
            18.5159426
          ],
          [
            73.856224,
            18.5158528
          ],
          [
            73.8562288,
            18.5157511
          ],
          [
            73.8562279,
            18.5157379
          ],
          [
            73.8562254,
            18.515701
          ],
          [
            73.8562159,
            18.5156849
          ],
          [
            73.8562051,
            18.5156753
          ],
          [
            73.8561698,
            18.5156586
          ],
          [
            73.8560763,
            18.5156451
          ],
          [
            73.8560174,
            18.5156329
          ],
          [
            73.8559801,
            18.5156181
          ],
          [
            73.855913,
            18.5155757
          ],
          [
            73.8555058,
            18.5153158
          ]
        ]
      }
    },
    {
      "type": "Feature",
      "id": "way/1234574683",
      "properties": {
        "highway": "footway"
      },
      "geometry": {
        "type": "LineString",
        "coordinates": [
          [
            73.8550005,
            18.5151986
          ],
          [
            73.8550173,
            18.5151099
          ],
          [
            73.8550207,
            18.5150964
          ],
          [
            73.8550267,
            18.515091
          ],
          [
            73.8550375,
            18.5150891
          ],
          [
            73.8550807,
            18.5150944
          ],
          [
            73.8551729,
            18.5151151
          ],
          [
            73.8552154,
            18.5151296
          ],
          [
            73.8552455,
            18.5151428
          ],
          [
            73.8553148,
            18.5151867
          ],
          [
            73.8555058,
            18.5153158
          ]
        ]
      }
    },
    {
      "type": "Feature",
      "id": "way/1234574684",
      "properties": {
        "highway": "footway"
      },
      "geometry": {
        "type": "LineString",
        "coordinates": [
          [
            73.8550004,
            18.5149739
          ],
          [
            73.855212,
            18.5150289
          ],
          [
            73.855288,
            18.5150611
          ],
          [
            73.8553882,
            18.5151306
          ],
          [
            73.8556313,
            18.5152866
          ],
          [
            73.8558763,
            18.5154366
          ],
          [
            73.8559997,
            18.5155163
          ],
          [
            73.8560587,
            18.5155477
          ],
          [
            73.8561284,
            18.5155765
          ],
          [
            73.8561678,
            18.5155774
          ],
          [
            73.8561955,
            18.515574
          ],
          [
            73.8562089,
            18.515563
          ],
          [
            73.8562195,
            18.515544
          ],
          [
            73.8562259,
            18.5154994
          ],
          [
            73.8562617,
            18.5152111
          ],
          [
            73.8562679,
            18.5149924
          ],
          [
            73.856307,
            18.5149338
          ]
        ]
      }
    },
    {
      "type": "Feature",
      "id": "way/1234574685",
      "properties": {
        "highway": "footway"
      },
      "geometry": {
        "type": "LineString",
        "coordinates": [
          [
            73.8568897,
            18.5157071
          ],
          [
            73.8567615,
            18.5156952
          ],
          [
            73.8565987,
            18.5156749
          ],
          [
            73.8563913,
            18.5156477
          ],
          [
            73.8563732,
            18.5156359
          ],
          [
            73.8563604,
            18.5156199
          ],
          [
            73.8563582,
            18.5156003
          ],
          [
            73.8563654,
            18.5155248
          ],
          [
            73.8563967,
            18.5152891
          ],
          [
            73.8564119,
            18.5151857
          ],
          [
            73.856436,
            18.5151153
          ],
          [
            73.8565263,
            18.5149314
          ],
          [
            73.8566354,
            18.514783
          ],
          [
            73.8566559,
            18.5147686
          ],
          [
            73.8567069,
            18.5147762
          ],
          [
            73.8568178,
            18.5148161
          ]
        ]
      }
    },
    {
      "type": "Feature",
      "id": "way/1234574686",
      "properties": {
        "highway": "footway"
      },
      "geometry": {
        "type": "LineString",
        "coordinates": [
          [
            73.8563518,
            18.5157302
          ],
          [
            73.8563559,
            18.5156781
          ],
          [
            73.8563596,
            18.5156309
          ]
        ]
      }
    },
    {
      "type": "Feature",
      "id": "way/1234574687",
      "properties": {
        "highway": "footway"
      },
      "geometry": {
        "type": "LineString",
        "coordinates": [
          [
            73.8563508,
            18.5157431
          ],
          [
            73.8563518,
            18.5157302
          ]
        ]
      }
    },
    {
      "type": "Feature",
      "id": "way/1234574688",
      "properties": {
        "highway": "footway"
      },
      "geometry": {
        "type": "LineString",
        "coordinates": [
          [
            73.8563596,
            18.5156309
          ],
          [
            73.8563604,
            18.5156199
          ]
        ]
      }
    },
    {
      "type": "Feature",
      "id": "way/1234574689",
      "properties": {
        "highway": "footway"
      },
      "geometry": {
        "type": "LineString",
        "coordinates": [
          [
            73.8562398,
            18.5157386
          ],
          [
            73.8562835,
            18.5157412
          ],
          [
            73.8563211,
            18.5157435
          ]
        ]
      }
    },
    {
      "type": "Feature",
      "id": "way/1234574690",
      "properties": {
        "highway": "footway"
      },
      "geometry": {
        "type": "LineString",
        "coordinates": [
          [
            73.8563211,
            18.5157435
          ],
          [
            73.8563349,
            18.5157443
          ]
        ]
      }
    },
    {
      "type": "Feature",
      "id": "way/1234574691",
      "properties": {
        "highway": "footway"
      },
      "geometry": {
        "type": "LineString",
        "coordinates": [
          [
            73.8562279,
            18.5157379
          ],
          [
            73.8562398,
            18.5157386
          ]
        ]
      }
    },
    {
      "type": "Feature",
      "id": "way/1234574692",
      "properties": {
        "highway": "footway"
      },
      "geometry": {
        "type": "LineString",
        "coordinates": [
          [
            73.8562085,
            18.5155773
          ],
          [
            73.8562054,
            18.5156448
          ],
          [
            73.8562052,
            18.5156631
          ]
        ]
      }
    },
    {
      "type": "Feature",
      "id": "way/1234574693",
      "properties": {
        "highway": "footway"
      },
      "geometry": {
        "type": "LineString",
        "coordinates": [
          [
            73.8562052,
            18.5156631
          ],
          [
            73.8562051,
            18.5156753
          ]
        ]
      }
    },
    {
      "type": "Feature",
      "id": "way/1234574694",
      "properties": {
        "highway": "footway"
      },
      "geometry": {
        "type": "LineString",
        "coordinates": [
          [
            73.8562089,
            18.515563
          ],
          [
            73.8562085,
            18.5155773
          ]
        ]
      }
    },
    {
      "type": "Feature",
      "id": "way/1234576887",
      "properties": {
        "highway": "footway"
      },
      "geometry": {
        "type": "LineString",
        "coordinates": [
          [
            73.8562428,
            18.5191677
          ],
          [
            73.8562661,
            18.5188404
          ],
          [
            73.8562774,
            18.5187693
          ],
          [
            73.8563062,
            18.5187031
          ],
          [
            73.8563575,
            18.5186534
          ],
          [
            73.856413,
            18.5186106
          ],
          [
            73.8564592,
            18.518595
          ],
          [
            73.8565352,
            18.5185872
          ],
          [
            73.8567601,
            18.5185872
          ],
          [
            73.8568639,
            18.5185999
          ],
          [
            73.856947,
            18.5186427
          ],
          [
            73.8570261,
            18.5187265
          ],
          [
            73.857061,
            18.518744
          ],
          [
            73.8571538,
            18.5187701
          ]
        ]
      }
    },
    {
      "type": "Feature",
      "id": "way/1234576888",
      "properties": {
        "highway": "footway"
      },
      "geometry": {
        "type": "LineString",
        "coordinates": [
          [
            73.8545825,
            18.5184825
          ],
          [
            73.8547564,
            18.5184762
          ],
          [
            73.8549546,
            18.518482
          ],
          [
            73.8551775,
            18.5184869
          ],
          [
            73.8553652,
            18.5184911
          ],
          [
            73.8555215,
            18.5184947
          ],
          [
            73.8561059,
            18.5185064
          ],
          [
            73.8561336,
            18.5185046
          ],
          [
            73.8561437,
            18.5184995
          ],
          [
            73.8561519,
            18.5184953
          ],
          [
            73.8561559,
            18.5184707
          ],
          [
            73.8561709,
            18.5177925
          ],
          [
            73.8561716,
            18.517407
          ]
        ]
      }
    },
    {
      "type": "Feature",
      "id": "way/1234576889",
      "properties": {
        "highway": "footway"
      },
      "geometry": {
        "type": "LineString",
        "coordinates": [
          [
            73.8574652,
            18.5186811
          ],
          [
            73.8573088,
            18.5186751
          ],
          [
            73.8572131,
            18.5186692
          ],
          [
            73.8571827,
            18.5186663
          ],
          [
            73.8571646,
            18.5186569
          ],
          [
            73.857123,
            18.5186118
          ],
          [
            73.8570777,
            18.5185673
          ],
          [
            73.857031,
            18.5185527
          ],
          [
            73.8569519,
            18.5185264
          ],
          [
            73.8568492,
            18.5185093
          ],
          [
            73.8567182,
            18.5185009
          ],
          [
            73.8564594,
            18.518497
          ],
          [
            73.8563544,
            18.5184958
          ],
          [
            73.8563347,
            18.5184948
          ],
          [
            73.8563202,
            18.5184887
          ],
          [
            73.8563117,
            18.5184757
          ],
          [
            73.8563202,
            18.5183261
          ],
          [
            73.8563143,
            18.518185
          ],
          [
            73.8563059,
            18.5178626
          ],
          [
            73.8563063,
            18.5178116
          ]
        ]
      }
    },
    {
      "type": "Feature",
      "id": "way/1234576890",
      "properties": {
        "highway": "footway"
      },
      "geometry": {
        "type": "LineString",
        "coordinates": [
          [
            73.8556009,
            18.5206794
          ],
          [
            73.8557031,
            18.5206115
          ],
          [
            73.8558277,
            18.5204909
          ],
          [
            73.8559663,
            18.5203349
          ],
          [
            73.8560034,
            18.5202874
          ],
          [
            73.8560302,
            18.5202531
          ],
          [
            73.8560752,
            18.5201952
          ],
          [
            73.8560895,
            18.5201718
          ],
          [
            73.8561034,
            18.5201245
          ],
          [
            73.8560993,
            18.5200948
          ],
          [
            73.856088,
            18.5200754
          ],
          [
            73.8560844,
            18.5200544
          ],
          [
            73.8561029,
            18.5195096
          ],
          [
            73.856108,
            18.5191955
          ],
          [
            73.8561173,
            18.5188737
          ],
          [
            73.8561193,
            18.5187008
          ],
          [
            73.8561275,
            18.5186916
          ],
          [
            73.8561393,
            18.518675
          ],
          [
            73.8561455,
            18.518657
          ],
          [
            73.8561457,
            18.5186482
          ],
          [
            73.856146,
            18.5186346
          ],
          [
            73.856144,
            18.5186175
          ],
          [
            73.8561291,
            18.5185976
          ],
          [
            73.8561101,
            18.518581
          ],
          [
            73.8560921,
            18.5185752
          ],
          [
            73.8560654,
            18.5185742
          ],
          [
            73.8560392,
            18.5185796
          ],
          [
            73.8560253,
            18.5185878
          ],
          [
            73.8560094,
            18.5185986
          ],
          [
            73.8554584,
            18.5185922
          ]
        ]
      }
    },
    {
      "type": "Feature",
      "id": "way/1234577627",
      "properties": {
        "highway": "footway"
      },
      "geometry": {
        "type": "LineString",
        "coordinates": [
          [
            73.8557886,
            18.5206678
          ],
          [
            73.8558958,
            18.5205359
          ],
          [
            73.8560137,
            18.5204176
          ],
          [
            73.8560882,
            18.5203444
          ],
          [
            73.8561194,
            18.5203123
          ],
          [
            73.8561519,
            18.5202712
          ],
          [
            73.8561763,
            18.5202275
          ],
          [
            73.8561912,
            18.5201709
          ],
          [
            73.8561949,
            18.5201275
          ]
        ]
      }
    },
    {
      "type": "Feature",
      "id": "way/1234577628",
      "properties": {
        "highway": "footway"
      },
      "geometry": {
        "type": "LineString",
        "coordinates": [
          [
            73.856221,
            18.5196364
          ],
          [
            73.8562382,
            18.5192477
          ]
        ]
      }
    },
    {
      "type": "Feature",
      "id": "way/1234577629",
      "properties": {
        "highway": "footway"
      },
      "geometry": {
        "type": "LineString",
        "coordinates": [
          [
            73.8562148,
            18.5197651
          ],
          [
            73.8562177,
            18.5197262
          ],
          [
            73.856221,
            18.5196364
          ]
        ]
      }
    },
    {
      "type": "Feature",
      "id": "way/1234577630",
      "properties": {
        "highway": "footway"
      },
      "geometry": {
        "type": "LineString",
        "coordinates": [
          [
            73.8562007,
            18.5200578
          ],
          [
            73.8562148,
            18.5197651
          ]
        ]
      }
    },
    {
      "type": "Feature",
      "id": "way/1234577631",
      "properties": {
        "highway": "footway"
      },
      "geometry": {
        "type": "LineString",
        "coordinates": [
          [
            73.8561949,
            18.5201275
          ],
          [
            73.8561976,
            18.5200948
          ],
          [
            73.8562007,
            18.5200578
          ]
        ]
      }
    },
    {
      "type": "Feature",
      "id": "way/1234577632",
      "properties": {
        "highway": "footway"
      },
      "geometry": {
        "type": "LineString",
        "coordinates": [
          [
            73.8562382,
            18.5192477
          ],
          [
            73.85624,
            18.5192064
          ]
        ]
      }
    },
    {
      "type": "Feature",
      "id": "way/1234577633",
      "properties": {
        "highway": "footway"
      },
      "geometry": {
        "type": "LineString",
        "coordinates": [
          [
            73.85624,
            18.5192064
          ],
          [
            73.8562428,
            18.5191677
          ]
        ]
      }
    },
    {
      "type": "Feature",
      "id": "way/1234583660",
      "properties": {
        "highway": "footway"
      },
      "geometry": {
        "type": "LineString",
        "coordinates": [
          [
            73.8575275,
            18.5131197
          ],
          [
            73.8576434,
            18.5128007
          ],
          [
            73.8576625,
            18.5127529
          ],
          [
            73.8576798,
            18.5127202
          ],
          [
            73.8577024,
            18.512716
          ],
          [
            73.8577337,
            18.5127177
          ],
          [
            73.8582764,
            18.5127702
          ],
          [
            73.8584507,
            18.5127914
          ],
          [
            73.8584999,
            18.512797
          ]
        ]
      }
    },
    {
      "type": "Feature",
      "id": "way/1234583661",
      "properties": {
        "highway": "footway"
      },
      "geometry": {
        "type": "LineString",
        "coordinates": [
          [
            73.8585086,
            18.5127058
          ],
          [
            73.8581583,
            18.5126821
          ],
          [
            73.8577855,
            18.5126473
          ],
          [
            73.8577122,
            18.5126321
          ],
          [
            73.8577073,
            18.5126135
          ],
          [
            73.8577095,
            18.5125939
          ],
          [
            73.8578883,
            18.5120114
          ],
          [
            73.8579321,
            18.5117791
          ],
          [
            73.8579652,
            18.5116842
          ],
          [
            73.8579849,
            18.5116528
          ],
          [
            73.8580269,
            18.5116214
          ],
          [
            73.8581297,
            18.5115892
          ],
          [
            73.85833,
            18.5115621
          ],
          [
            73.8586192,
            18.5115349
          ]
        ]
      }
    },
    {
      "type": "Feature",
      "id": "way/1234583662",
      "properties": {
        "highway": "footway"
      },
      "geometry": {
        "type": "LineString",
        "coordinates": [
          [
            73.8574591,
            18.5129364
          ],
          [
            73.8575196,
            18.5127088
          ],
          [
            73.8575323,
            18.512661
          ],
          [
            73.8575632,
            18.5125702
          ],
          [
            73.8575974,
            18.5124701
          ],
          [
            73.8576537,
            18.5123785
          ],
          [
            73.85771,
            18.5122454
          ],
          [
            73.8577618,
            18.5120042
          ],
          [
            73.8578049,
            18.5117631
          ],
          [
            73.8578133,
            18.5116414
          ],
          [
            73.8578214,
            18.5115231
          ],
          [
            73.857822,
            18.5114865
          ],
          [
            73.8578274,
            18.5111681
          ],
          [
            73.8578275,
            18.5107013
          ],
          [
            73.8578275,
            18.5106834
          ],
          [
            73.8578274,
            18.5106351
          ]
        ]
      }
    },
    {
      "type": "Feature",
      "id": "way/1234583663",
      "properties": {
        "highway": "footway"
      },
      "geometry": {
        "type": "LineString",
        "coordinates": [
          [
            73.8575196,
            18.5127088
          ],
          [
            73.8575941,
            18.5127309
          ],
          [
            73.8576625,
            18.5127529
          ]
        ]
      }
    },
    {
      "type": "Feature",
      "id": "way/1234583664",
      "properties": {
        "highway": "footway"
      },
      "geometry": {
        "type": "LineString",
        "coordinates": [
          [
            73.8577122,
            18.5126321
          ],
          [
            73.8577009,
            18.5126629
          ],
          [
            73.8576798,
            18.5127202
          ]
        ]
      }
    },
    {
      "type": "Feature",
      "id": "way/1234583665",
      "properties": {
        "highway": "footway"
      },
      "geometry": {
        "type": "LineString",
        "coordinates": [
          [
            73.8575632,
            18.5125702
          ],
          [
            73.8576448,
            18.5125947
          ],
          [
            73.8577073,
            18.5126135
          ]
        ]
      }
    },
    {
      "type": "Feature",
      "id": "way/1234585165",
      "properties": {
        "highway": "footway"
      },
      "geometry": {
        "type": "LineString",
        "coordinates": [
          [
            73.8580467,
            18.50924
          ],
          [
            73.8580095,
            18.5098227
          ],
          [
            73.8579894,
            18.5101312
          ],
          [
            73.8579769,
            18.5105178
          ],
          [
            73.8579755,
            18.5105877
          ],
          [
            73.8579731,
            18.5107057
          ],
          [
            73.8579662,
            18.5110537
          ],
          [
            73.8579751,
            18.5114589
          ],
          [
            73.8579787,
            18.5114945
          ],
          [
            73.8579994,
            18.5115048
          ],
          [
            73.8580198,
            18.5115149
          ],
          [
            73.8582928,
            18.5114797
          ]
        ]
      }
    },
    {
      "type": "Feature",
      "id": "way/1234585166",
      "properties": {
        "highway": "footway"
      },
      "geometry": {
        "type": "LineString",
        "coordinates": [
          [
            73.8578133,
            18.5116414
          ],
          [
            73.8578961,
            18.5116469
          ],
          [
            73.8579849,
            18.5116528
          ]
        ]
      }
    },
    {
      "type": "Feature",
      "id": "way/1234585167",
      "properties": {
        "highway": "footway"
      },
      "geometry": {
        "type": "LineString",
        "coordinates": [
          [
            73.857822,
            18.5114865
          ],
          [
            73.8579066,
            18.5114908
          ],
          [
            73.8579787,
            18.5114945
          ]
        ]
      }
    },
    {
      "type": "Feature",
      "id": "way/1234585168",
      "properties": {
        "highway": "footway"
      },
      "geometry": {
        "type": "LineString",
        "coordinates": [
          [
            73.8579994,
            18.5115048
          ],
          [
            73.8579941,
            18.5115592
          ],
          [
            73.8579849,
            18.5116528
          ]
        ]
      }
    },
    {
      "type": "Feature",
      "id": "way/1234586474",
      "properties": {
        "highway": "footway"
      },
      "geometry": {
        "type": "LineString",
        "coordinates": [
          [
            73.8578274,
            18.5106351
          ],
          [
            73.8578288,
            18.5105826
          ],
          [
            73.8578511,
            18.5097278
          ],
          [
            73.8578552,
            18.5095559
          ]
        ]
      }
    },
    {
      "type": "Feature",
      "id": "way/1234586475",
      "properties": {
        "highway": "footway"
      },
      "geometry": {
        "type": "LineString",
        "coordinates": [
          [
            73.8578275,
            18.5107013
          ],
          [
            73.8579167,
            18.510704
          ],
          [
            73.8579731,
            18.5107057
          ]
        ]
      }
    },
    {
      "type": "Feature",
      "id": "way/1234586476",
      "properties": {
        "highway": "footway"
      },
      "geometry": {
        "type": "LineString",
        "coordinates": [
          [
            73.8578288,
            18.5105826
          ],
          [
            73.8579182,
            18.5105857
          ],
          [
            73.8579755,
            18.5105877
          ]
        ]
      }
    },
    {
      "type": "Feature",
      "id": "way/1234587754",
      "properties": {
        "highway": "footway"
      },
      "geometry": {
        "type": "LineString",
        "coordinates": [
          [
            73.8560034,
            18.5202874
          ],
          [
            73.856029,
            18.5203046
          ],
          [
            73.8560882,
            18.5203444
          ]
        ]
      }
    },
    {
      "type": "Feature",
      "id": "way/1234587755",
      "properties": {
        "highway": "footway"
      },
      "geometry": {
        "type": "LineString",
        "coordinates": [
          [
            73.8557886,
            18.5206678
          ],
          [
            73.8556628,
            18.5208151
          ],
          [
            73.855523,
            18.5210265
          ],
          [
            73.8554774,
            18.5211107
          ],
          [
            73.8554481,
            18.5211647
          ],
          [
            73.8553838,
            18.5213023
          ],
          [
            73.8553614,
            18.5213644
          ],
          [
            73.8553555,
            18.5214158
          ],
          [
            73.8553608,
            18.5214533
          ],
          [
            73.8553773,
            18.521474
          ],
          [
            73.855411,
            18.5215014
          ],
          [
            73.855451,
            18.521525
          ],
          [
            73.855531,
            18.5215749
          ],
          [
            73.8557238,
            18.5216954
          ],
          [
            73.8558937,
            18.5218056
          ],
          [
            73.8560967,
            18.5219777
          ],
          [
            73.8563508,
            18.522204
          ]
        ]
      }
    },
    {
      "type": "Feature",
      "id": "way/1234587756",
      "properties": {
        "highway": "footway"
      },
      "geometry": {
        "type": "LineString",
        "coordinates": [
          [
            73.8556009,
            18.5206794
          ],
          [
            73.8555288,
            18.5207438
          ],
          [
            73.8554441,
            18.5208717
          ],
          [
            73.8554089,
            18.5209424
          ],
          [
            73.8553845,
            18.5209668
          ],
          [
            73.8553526,
            18.5209841
          ],
          [
            73.8553201,
            18.5209893
          ],
          [
            73.8552713,
            18.5209783
          ],
          [
            73.8552483,
            18.5209533
          ],
          [
            73.8551778,
            18.5208029
          ],
          [
            73.8551266,
            18.520724
          ]
        ]
      }
    },
    {
      "type": "Feature",
      "id": "way/1234587757",
      "properties": {
        "highway": "footway"
      },
      "geometry": {
        "type": "LineString",
        "coordinates": [
          [
            73.8554584,
            18.5185922
          ],
          [
            73.8549023,
            18.5185893
          ],
          [
            73.8547221,
            18.5185878
          ],
          [
            73.854708,
            18.5185829
          ],
          [
            73.8546897,
            18.5185807
          ],
          [
            73.854671,
            18.5185817
          ],
          [
            73.8546541,
            18.5185881
          ],
          [
            73.8546382,
            18.5186006
          ],
          [
            73.8546294,
            18.5186189
          ],
          [
            73.8546212,
            18.518643
          ],
          [
            73.8546182,
            18.5186642
          ],
          [
            73.8546111,
            18.5188923
          ],
          [
            73.854606,
            18.5191175
          ],
          [
            73.8546009,
            18.5192839
          ],
          [
            73.8545917,
            18.5192945
          ],
          [
            73.854581,
            18.5193096
          ],
          [
            73.8545741,
            18.5193353
          ],
          [
            73.8545785,
            18.519361
          ],
          [
            73.8545877,
            18.5193835
          ],
          [
            73.8545972,
            18.5193925
          ],
          [
            73.8545975,
            18.5194053
          ],
          [
            73.8545924,
            18.5195708
          ],
          [
            73.8545838,
            18.5198966
          ],
          [
            73.8545785,
            18.5200705
          ],
          [
            73.8545785,
            18.5201057
          ],
          [
            73.8545826,
            18.5201331
          ],
          [
            73.8545997,
            18.5201667
          ],
          [
            73.8546449,
            18.5202333
          ],
          [
            73.8546757,
            18.5202711
          ],
          [
            73.8547081,
            18.5203047
          ],
          [
            73.854858,
            18.5204439
          ],
          [
            73.8550255,
            18.5206201
          ],
          [
            73.8551266,
            18.520724
          ]
        ]
      }
    },
    {
      "type": "Feature",
      "id": "way/1234587758",
      "properties": {
        "highway": "footway"
      },
      "geometry": {
        "type": "LineString",
        "coordinates": [
          [
            73.8553526,
            18.5209841
          ],
          [
            73.8553839,
            18.5210159
          ],
          [
            73.8554154,
            18.5210478
          ],
          [
            73.8554774,
            18.5211107
          ]
        ]
      }
    },
    {
      "type": "Feature",
      "id": "way/1234587759",
      "properties": {
        "highway": "footway"
      },
      "geometry": {
        "type": "LineString",
        "coordinates": [
          [
            73.8544988,
            18.5203152
          ],
          [
            73.85469,
            18.5204108
          ],
          [
            73.8547484,
            18.5204728
          ],
          [
            73.854999,
            18.5207378
          ],
          [
            73.8550589,
            18.5208101
          ],
          [
            73.8551095,
            18.5208861
          ],
          [
            73.8551298,
            18.5209451
          ],
          [
            73.8551399,
            18.5209972
          ],
          [
            73.8551531,
            18.5210647
          ],
          [
            73.8551578,
            18.521182
          ],
          [
            73.8551383,
            18.521275
          ],
          [
            73.8550636,
            18.5214787
          ],
          [
            73.8550372,
            18.5215409
          ],
          [
            73.8549839,
            18.5216906
          ]
        ]
      }
    },
    {
      "type": "Feature",
      "id": "way/1234587762",
      "properties": {
        "highway": "footway"
      },
      "geometry": {
        "type": "LineString",
        "coordinates": [
          [
            73.8551399,
            18.5209972
          ],
          [
            73.8551881,
            18.5209776
          ],
          [
            73.85522,
            18.5209647
          ],
          [
            73.8552483,
            18.5209533
          ]
        ]
      }
    },
    {
      "type": "Feature",
      "id": "way/1234587765",
      "properties": {
        "highway": "footway"
      },
      "geometry": {
        "type": "LineString",
        "coordinates": [
          [
            73.8549839,
            18.5216906
          ],
          [
            73.8548457,
            18.5220016
          ]
        ]
      }
    },
    {
      "type": "Feature",
      "id": "way/1234841234",
      "properties": {
        "highway": "footway"
      },
      "geometry": {
        "type": "LineString",
        "coordinates": [
          [
            73.855093,
            18.521727
          ],
          [
            73.855125,
            18.5216572
          ],
          [
            73.8551384,
            18.5216394
          ],
          [
            73.8551563,
            18.5216326
          ],
          [
            73.855201,
            18.5216326
          ],
          [
            73.8552734,
            18.5216555
          ],
          [
            73.8554075,
            18.5217405
          ],
          [
            73.8556131,
            18.5218709
          ],
          [
            73.8560226,
            18.5221845
          ],
          [
            73.8563785,
            18.5224965
          ],
          [
            73.8565895,
            18.5227313
          ],
          [
            73.8568228,
            18.5230518
          ],
          [
            73.8570222,
            18.5232688
          ],
          [
            73.8571483,
            18.5234002
          ],
          [
            73.8574022,
            18.5236283
          ],
          [
            73.8576758,
            18.5238682
          ],
          [
            73.8576963,
            18.5238944
          ],
          [
            73.8577017,
            18.5239182
          ],
          [
            73.8576994,
            18.5239331
          ],
          [
            73.8576963,
            18.5239538
          ],
          [
            73.8576552,
            18.5240386
          ]
        ]
      }
    },
    {
      "type": "Feature",
      "id": "way/1234841237",
      "properties": {
        "highway": "footway"
      },
      "geometry": {
        "type": "LineString",
        "coordinates": [
          [
            73.8537676,
            18.5247321
          ],
          [
            73.8540396,
            18.5241047
          ],
          [
            73.8543838,
            18.5233167
          ],
          [
            73.8544916,
            18.5230696
          ],
          [
            73.8547455,
            18.5224838
          ],
          [
            73.8549426,
            18.5220522
          ],
          [
            73.855093,
            18.521727
          ]
        ]
      }
    },
    {
      "type": "Feature",
      "id": "way/1234843413",
      "properties": {
        "highway": "footway"
      },
      "geometry": {
        "type": "LineString",
        "coordinates": [
          [
            73.853282,
            18.5225112
          ],
          [
            73.8532962,
            18.5224283
          ],
          [
            73.8533626,
            18.5221334
          ],
          [
            73.8535578,
            18.5211768
          ]
        ]
      }
    },
    {
      "type": "Feature",
      "id": "way/1234843414",
      "properties": {
        "highway": "footway"
      },
      "geometry": {
        "type": "LineString",
        "coordinates": [
          [
            73.8535578,
            18.5211768
          ],
          [
            73.8535727,
            18.5211222
          ],
          [
            73.8536038,
            18.5210631
          ],
          [
            73.8536357,
            18.5210245
          ],
          [
            73.8536711,
            18.5209974
          ]
        ]
      }
    },
    {
      "type": "Feature",
      "id": "way/1234843417",
      "properties": {
        "highway": "footway"
      },
      "geometry": {
        "type": "LineString",
        "coordinates": [
          [
            73.8495319,
            18.5221794
          ],
          [
            73.8496207,
            18.5221721
          ],
          [
            73.8497835,
            18.5221429
          ],
          [
            73.8502377,
            18.5220825
          ],
          [
            73.8504644,
            18.5220523
          ],
          [
            73.8508583,
            18.5220114
          ],
          [
            73.8511808,
            18.5219919
          ],
          [
            73.8513513,
            18.5220104
          ],
          [
            73.8515479,
            18.5220392
          ],
          [
            73.851701,
            18.5220591
          ],
          [
            73.8518858,
            18.5220966
          ],
          [
            73.8521498,
            18.5221585
          ],
          [
            73.8524199,
            18.5222403
          ],
          [
            73.8526828,
            18.5223498
          ],
          [
            73.8530068,
            18.52249
          ],
          [
            73.8530335,
            18.5224891
          ],
          [
            73.8530782,
            18.5224613
          ],
          [
            73.8531049,
            18.5224345
          ],
          [
            73.8531275,
            18.5223946
          ]
        ]
      }
    },
    {
      "type": "Feature",
      "id": "way/1234843418",
      "properties": {
        "highway": "footway"
      },
      "geometry": {
        "type": "LineString",
        "coordinates": [
          [
            73.8534139,
            18.5210999
          ],
          [
            73.8534106,
            18.5210911
          ],
          [
            73.8534068,
            18.5210813
          ],
          [
            73.8533514,
            18.5210635
          ],
          [
            73.8531118,
            18.521016
          ],
          [
            73.8530561,
            18.5210012
          ]
        ]
      }
    },
    {
      "type": "Feature",
      "id": "way/1234843419",
      "properties": {
        "highway": "footway"
      },
      "geometry": {
        "type": "LineString",
        "coordinates": [
          [
            73.8531275,
            18.5223946
          ],
          [
            73.8531609,
            18.5222617
          ],
          [
            73.8533844,
            18.5212237
          ],
          [
            73.8534139,
            18.5210999
          ]
        ]
      }
    },
    {
      "type": "Feature",
      "id": "way/1234843420",
      "properties": {
        "highway": "footway"
      },
      "geometry": {
        "type": "LineString",
        "coordinates": [
          [
            73.8534106,
            18.5210911
          ],
          [
            73.8534475,
            18.5210963
          ],
          [
            73.8535261,
            18.521108
          ],
          [
            73.8535727,
            18.5211222
          ]
        ]
      }
    },
    {
      "type": "Feature",
      "id": "way/1234845792",
      "properties": {
        "highway": "footway"
      },
      "geometry": {
        "type": "LineString",
        "coordinates": [
          [
            73.8550372,
            18.5215409
          ],
          [
            73.8550715,
            18.5215594
          ],
          [
            73.8551346,
            18.5215952
          ],
          [
            73.8551659,
            18.521613
          ]
        ]
      }
    },
    {
      "type": "Feature",
      "id": "way/1234845793",
      "properties": {
        "highway": "footway"
      },
      "geometry": {
        "type": "LineString",
        "coordinates": [
          [
            73.8551659,
            18.521613
          ],
          [
            73.855201,
            18.5216326
          ]
        ]
      }
    },
    {
      "type": "Feature",
      "id": "way/1234845794",
      "properties": {
        "highway": "footway"
      },
      "geometry": {
        "type": "LineString",
        "coordinates": [
          [
            73.855531,
            18.5215749
          ],
          [
            73.8554953,
            18.5216228
          ],
          [
            73.8554448,
            18.5216906
          ],
          [
            73.8554075,
            18.5217405
          ]
        ]
      }
    },
    {
      "type": "Feature",
      "id": "way/1271903916",
      "properties": {
        "highway": "residential"
      },
      "geometry": {
        "type": "LineString",
        "coordinates": [
          [
            73.8603188,
            18.5150884
          ],
          [
            73.8603086,
            18.5149907
          ]
        ]
      }
    },
    {
      "type": "Feature",
      "id": "way/1300905414",
      "properties": {
        "highway": "residential"
      },
      "geometry": {
        "type": "LineString",
        "coordinates": [
          [
            73.8507068,
            18.5193085
          ],
          [
            73.8507294,
            18.5190545
          ]
        ]
      }
    },
    {
      "type": "Feature",
      "id": "way/1301665692",
      "properties": {
        "highway": "service"
      },
      "geometry": {
        "type": "LineString",
        "coordinates": [
          [
            73.8592152,
            18.5151232
          ],
          [
            73.8594191,
            18.5151313
          ]
        ]
      }
    },
    {
      "type": "Feature",
      "id": "way/1354995417",
      "properties": {
        "highway": "residential"
      },
      "geometry": {
        "type": "LineString",
        "coordinates": [
          [
            73.8616399,
            18.5148096
          ],
          [
            73.8616709,
            18.5146673
          ]
        ]
      }
    },
    {
      "type": "Feature",
      "id": "way/1385293493",
      "properties": {
        "name": "Chandrashekhar Agashe Road",
        "highway": "tertiary"
      },
      "geometry": {
        "type": "LineString",
        "coordinates": [
          [
            73.8534616,
            18.5210429
          ],
          [
            73.8534475,
            18.5210963
          ],
          [
            73.8534408,
            18.5211238
          ]
        ]
      }
    },
    {
      "type": "Feature",
      "id": "way/1428235170",
      "properties": {
        "highway": "footway"
      },
      "geometry": {
        "type": "LineString",
        "coordinates": [
          [
            73.8556394,
            18.5194969
          ],
          [
            73.855663,
            18.5194972
          ],
          [
            73.8559204,
            18.5195002
          ],
          [
            73.8559355,
            18.5195003
          ],
          [
            73.8559331,
            18.5196786
          ]
        ]
      }
    },
    {
      "type": "Feature",
      "id": "way/1428235171",
      "properties": {
        "highway": "steps"
      },
      "geometry": {
        "type": "LineString",
        "coordinates": [
          [
            73.855454,
            18.5199842
          ],
          [
            73.8554471,
            18.5199842
          ],
          [
            73.8554365,
            18.519984
          ]
        ]
      }
    },
    {
      "type": "Feature",
      "id": "way/1504844698",
      "properties": {
        "highway": "residential"
      },
      "geometry": {
        "type": "LineString",
        "coordinates": [
          [
            73.8562992,
            18.5147235
          ],
          [
            73.856281,
            18.5146157
          ],
          [
            73.8562257,
            18.5144137
          ],
          [
            73.8562267,
            18.5143819
          ]
        ]
      }
    },
    {
      "type": "Feature",
      "id": "way/1546207684",
      "properties": {
        "highway": "residential"
      },
      "geometry": {
        "type": "LineString",
        "coordinates": [
          [
            73.8546519,
            18.5177315
          ],
          [
            73.854633,
            18.5173951
          ]
        ]
      }
    }
  ]
}